epoch,bonangbarung_separation_loss,bonangpenerus_separation_loss,class_bonangbarung_accuracy,class_bonangbarung_loss,class_bonangpenerus_accuracy,class_bonangpenerus_loss,class_demung_accuracy,class_demung_loss,class_gong_accuracy,class_gong_loss,class_kendhang_accuracy,class_kendhang_loss,class_peking_accuracy,class_peking_loss,class_saron_accuracy,class_saron_loss,class_slenthem_accuracy,class_slenthem_loss,demung_separation_loss,gong_separation_loss,kendhang_separation_loss,loss,peking_separation_loss,saron_separation_loss,slenthem_separation_loss,val_bonangbarung_separation_loss,val_bonangpenerus_separation_loss,val_class_bonangbarung_accuracy,val_class_bonangbarung_loss,val_class_bonangpenerus_accuracy,val_class_bonangpenerus_loss,val_class_demung_accuracy,val_class_demung_loss,val_class_gong_accuracy,val_class_gong_loss,val_class_kendhang_accuracy,val_class_kendhang_loss,val_class_peking_accuracy,val_class_peking_loss,val_class_saron_accuracy,val_class_saron_loss,val_class_slenthem_accuracy,val_class_slenthem_loss,val_demung_separation_loss,val_gong_separation_loss,val_kendhang_separation_loss,val_loss,val_peking_separation_loss,val_saron_separation_loss,val_slenthem_separation_loss
0,0.2294810712337494,0.20903871953487396,0.9969969987869263,0.014196579344570637,0.990240216255188,0.018650690093636513,0.9932432174682617,0.039340075105428696,0.9714714884757996,0.05026085302233696,0.9819819927215576,0.029862254858016968,0.9977477192878723,0.029055969789624214,0.9909909963607788,0.018534865230321884,0.9894894957542419,0.02049601636826992,0.11777551472187042,0.20576655864715576,0.22665421664714813,1.7460812330245972,0.08124884963035583,0.22970181703567505,0.22601744532585144,0.16169233620166779,0.12764239311218262,1.0,0.00022830536181572825,1.0,0.0009255647310055792,0.9969969987869263,0.02170366421341896,1.0,0.0013244696892797947,1.0,0.0002839248045347631,0.9969969987869263,0.02027125656604767,1.0,0.00037653546314686537,1.0,0.00032575338263995945,0.10520869493484497,0.11948294937610626,0.163250133395195,1.1105730533599854,0.08690229803323746,0.14580780267715454,0.15514712035655975
1,0.10225251317024231,0.08888759464025497,1.0,0.0025721783749759197,1.0,0.003987179137766361,0.9977477192878723,0.022886818274855614,1.0,0.005610790569335222,1.0,0.002712644636631012,0.9977477192878723,0.024248318746685982,1.0,0.002286624163389206,1.0,0.0029587633907794952,0.09871669113636017,0.08018127828836441,0.10121844708919525,0.8103861212730408,0.0715203583240509,0.1006329283118248,0.09971294552087784,0.03936381638050079,0.03649703413248062,1.0,0.014553369022905827,1.0,0.013719609938561916,0.9969969987869263,0.020068423822522163,1.0,0.015579883940517902,1.0,0.012229256331920624,0.9969969987869263,0.020946193486452103,1.0,0.012713090516626835,1.0,0.016183454543352127,0.0967235416173935,0.03840827941894531,0.04440801218152046,0.5457391738891602,0.08434922993183136,0.04061185196042061,0.039384130388498306
2,0.04676207900047302,0.04546163231134415,1.0,0.00518175819888711,1.0,0.005512637086212635,0.9977477192878723,0.01709405705332756,1.0,0.008241383358836174,1.0,0.007151135243475437,0.9977477192878723,0.019697969779372215,1.0,0.00646570511162281,1.0,0.00653075659647584,0.09346421808004379,0.043145712465047836,0.04493814706802368,0.5086590051651001,0.07151840627193451,0.04181303828954697,0.045680511742830276,0.019489379599690437,0.01646178402006626,1.0,0.02174273319542408,1.0,0.028122352436184883,0.9969969987869263,0.0196340661495924,1.0,0.0217837393283844,1.0,0.018696743994951248,0.9969969987869263,0.02376498281955719,1.0,0.013980988413095474,1.0,0.021640675142407417,0.09816500544548035,0.020480748265981674,0.023731859400868416,0.47407013177871704,0.083314910531044,0.022711748257279396,0.02034844644367695
3,0.029764290899038315,0.02841324917972088,1.0,0.004426600411534309,1.0,0.005180263891816139,0.9977477192878723,0.023703662678599358,1.0,0.007008503191173077,1.0,0.006145194638520479,0.9977477192878723,0.02584143728017807,1.0,0.005717486143112183,1.0,0.005548585671931505,0.08730467408895493,0.02994871512055397,0.030441055074334145,0.4150654673576355,0.0686282217502594,0.027408484369516373,0.029584981501102448,0.014077345840632915,0.019023943692445755,1.0,0.01581195369362831,1.0,0.008998589590191841,0.9969969987869263,0.021535733714699745,1.0,0.028752608224749565,1.0,0.02530529350042343,0.9969969987869263,0.019816929474473,1.0,0.01464261207729578,1.0,0.023154789581894875,0.10104647278785706,0.013147160410881042,0.013998468406498432,0.43028634786605835,0.08388397842645645,0.014386779628694057,0.012703689746558666
4,0.020888997241854668,0.020736493170261383,1.0,0.004228151403367519,1.0,0.004624488297849894,0.9977477192878723,0.020071156322956085,1.0,0.006227647420018911,1.0,0.005286683328449726,0.9977477192878723,0.020875392481684685,1.0,0.00495195621624589,1.0,0.0047941929660737514,0.08521009236574173,0.023084618151187897,0.022580977529287338,0.35439395904541016,0.06927414983510971,0.020099185407161713,0.02145969122648239,0.012290019541978836,0.010027524083852768,1.0,0.00801918376237154,1.0,0.015291278250515461,0.9969969987869263,0.01971065253019333,1.0,0.008039075881242752,1.0,0.00667047081515193,0.9969969987869263,0.023442605510354042,1.0,0.0042582000605762005,1.0,0.00609910674393177,0.09752354770898819,0.016686907038092613,0.01642274484038353,0.35780787467956543,0.08224909752607346,0.016111785545945168,0.014965632930397987
5,0.01733827218413353,0.01722046174108982,1.0,0.0037733714561909437,1.0,0.00403097178786993,0.9977477192878723,0.01823921501636505,1.0,0.005471724085509777,1.0,0.00476701557636261,0.9977477192878723,0.018234197050333023,1.0,0.004126611165702343,1.0,0.004264536779373884,0.08450707793235779,0.019699733704328537,0.01856773905456066,0.32320746779441833,0.06835351884365082,0.016788847744464874,0.017824163660407066,0.008706235326826572,0.008256327360868454,1.0,0.011376542039215565,1.0,0.013532031327486038,0.9969969987869263,0.02130289189517498,1.0,0.018973955884575844,1.0,0.009496701881289482,0.9969969987869263,0.018536774441599846,1.0,0.00960066169500351,1.0,0.007159659173339605,0.09619364887475967,0.009329945780336857,0.011478045023977757,0.3485024571418762,0.08383338153362274,0.009424765594303608,0.011300855316221714
6,0.01514456607401371,0.01507636345922947,1.0,0.003166108625009656,1.0,0.0035043987445533276,0.9977477192878723,0.019790168851614,1.0,0.0047446503303945065,1.0,0.004002161789685488,0.9977477192878723,0.021473117172718048,1.0,0.0035396895837038755,1.0,0.003729072166606784,0.0812353789806366,0.017413342371582985,0.016320472583174706,0.30649334192276,0.06708481907844543,0.014688328839838505,0.015580708160996437,0.008033880963921547,0.008308238349854946,1.0,0.01137872040271759,1.0,0.010744290426373482,0.9969969987869263,0.024079222232103348,1.0,0.012809950858354568,1.0,0.01354260928928852,0.9969969987869263,0.021351048722863197,1.0,0.008555346168577671,1.0,0.009708721190690994,0.09499474614858627,0.01010686345398426,0.009135753847658634,0.337180495262146,0.07655506581068039,0.008689932525157928,0.00918612815439701
7,0.013650547713041306,0.013661515899002552,1.0,0.0027334270998835564,1.0,0.002880581421777606,0.9977477192878723,0.01631605252623558,1.0,0.0040220171213150024,1.0,0.003474934259429574,0.9977477192878723,0.01738632842898369,1.0,0.0030613832641392946,1.0,0.003140614600852132,0.08185825496912003,0.01589483767747879,0.01484015490859747,0.28901049494743347,0.06854395568370819,0.013339586555957794,0.014206320978701115,0.00578225078061223,0.006228182930499315,1.0,0.012229288928210735,1.0,0.010009451769292355,0.9969969987869263,0.025034183636307716,1.0,0.009564436040818691,1.0,0.011735665611922741,0.9969969987869263,0.02977188304066658,1.0,0.008012037724256516,1.0,0.010417057201266289,0.09529900550842285,0.008735822513699532,0.007375901099294424,0.32756638526916504,0.07330966740846634,0.00718006631359458,0.006881477776914835
8,0.01214904896914959,0.01213871780782938,1.0,0.002430068328976631,1.0,0.002726987237110734,0.9977477192878723,0.016299931332468987,1.0,0.0036891160998493433,1.0,0.003235406009480357,0.9977477192878723,0.016626175493001938,1.0,0.002769425045698881,1.0,0.0029234641697257757,0.07996955513954163,0.014365114271640778,0.013327396474778652,0.27531698346138,0.06815501302480698,0.011930196546018124,0.012581325136125088,0.007852799259126186,0.00832477305084467,1.0,0.004513352178037167,1.0,0.003966513555496931,0.9969969987869263,0.01893969066441059,1.0,0.007553732022643089,1.0,0.006220371462404728,0.9969969987869263,0.02074228785932064,1.0,0.004293676465749741,1.0,0.0032022118102759123,0.08793378621339798,0.00896549690514803,0.008319222368299961,0.2830117344856262,0.07454011589288712,0.008066008798778057,0.009577681310474873
9,0.01044648326933384,0.010708985850214958,1.0,0.002413711044937372,1.0,0.002442106371745467,0.9977477192878723,0.0139639712870121,1.0,0.0034662517718970776,1.0,0.003006245708093047,0.9977477192878723,0.013033152557909489,1.0,0.0025943079963326454,1.0,0.0027285453397780657,0.07709484547376633,0.012706322595477104,0.011760351248085499,0.2545733153820038,0.06654606759548187,0.010576323606073856,0.01108568999916315,0.0072305817157030106,0.0061975386925041676,1.0,0.00379582354798913,1.0,0.00595620134845376,0.9969969987869263,0.015518073923885822,1.0,0.007661976385861635,1.0,0.004880286753177643,0.9969969987869263,0.019029228016734123,1.0,0.004921201150864363,1.0,0.00543709984049201,0.08984708040952682,0.00773417204618454,0.007975545711815357,0.2732718884944916,0.07335634529590607,0.006652060896158218,0.007078664842993021
10,0.01340925507247448,0.013582578860223293,1.0,0.0026777423918247223,1.0,0.0029809006955474615,0.9977477192878723,0.020931048318743706,1.0,0.0037237699143588543,1.0,0.0034224349074065685,0.9977477192878723,0.018404152244329453,1.0,0.0026776480954140425,1.0,0.0029144627042114735,0.08067906647920609,0.015021363273262978,0.014128122478723526,0.2907595634460449,0.06957174837589264,0.012831243686378002,0.013804030604660511,0.0630166307091713,0.06582118570804596,1.0,1.4014932276040781e-05,1.0,2.6578061806503683e-05,0.9969969987869263,0.02555825747549534,1.0,8.360044012079015e-05,1.0,2.696714182093274e-05,0.9969969987869263,0.028816474601626396,1.0,0.00021166467922739685,1.0,5.957273970125243e-05,0.10294052213430405,0.03931697830557823,0.044175270944833755,0.5425824522972107,0.10407771170139313,0.02264285646378994,0.045794155448675156
11,0.010436780750751495,0.010570761747658253,1.0,0.0019528933335095644,1.0,0.0021231546998023987,0.9977477192878723,0.016230275854468346,1.0,0.0029031243175268173,1.0,0.00254819099791348,0.9977477192878723,0.015479687601327896,1.0,0.00221217330545187,1.0,0.0022785752080380917,0.08276121318340302,0.012279326096177101,0.011566823348402977,0.2648105025291443,0.07041455060243607,0.01033745426684618,0.010715465992689133,0.0178323145955801,0.010754032991826534,1.0,0.0005020844400860369,1.0,0.0016234279610216618,0.9969969987869263,0.02251875028014183,1.0,0.004771676380187273,1.0,0.006419059354811907,0.9969969987869263,0.02053047902882099,1.0,0.006092349532991648,1.0,0.0017023537075147033,0.09931273013353348,0.008767550811171532,0.007414683699607849,0.30179300904273987,0.07625338435173035,0.005881564226001501,0.011416549794375896
12,0.009374062530696392,0.009611690416932106,1.0,0.001897389069199562,1.0,0.001981382956728339,0.9977477192878723,0.009179562330245972,1.0,0.002761813113465905,1.0,0.002454991452395916,0.9984984993934631,0.006492273416370153,1.0,0.002086478052660823,1.0,0.0021709997672587633,0.08197550475597382,0.011207631789147854,0.01049889251589775,0.2422463297843933,0.07131972163915634,0.009439750574529171,0.009794196113944054,0.010435681790113449,0.007753171492367983,1.0,0.0006246218690648675,1.0,0.001816958305425942,0.9969969987869263,0.01427877601236105,1.0,0.0027622380293905735,1.0,0.0027220561169087887,0.9969969987869263,0.01699930429458618,1.0,0.0029578323010355234,1.0,0.0020369465928524733,0.0969376340508461,0.009073509834706783,0.008356482721865177,0.26339542865753174,0.07206173986196518,0.0065786028280854225,0.007999901659786701
13,0.008678006008267403,0.0089773153886199,1.0,0.0017521193949505687,1.0,0.001807795139029622,0.9977477192878723,0.008706744760274887,1.0,0.002585307229310274,1.0,0.002242608228698373,0.9984984993934631,0.009242710657417774,1.0,0.001941609662026167,1.0,0.0020291488617658615,0.0795629546046257,0.010537300258874893,0.009876110590994358,0.234967440366745,0.06880013644695282,0.008930635638535023,0.009296858683228493,0.007320490665733814,0.006239635404199362,1.0,0.0011320654302835464,1.0,0.0023930026218295097,0.9969969987869263,0.010717049241065979,1.0,0.004282123874872923,1.0,0.0028906750958412886,0.9969969987869263,0.010706291534006596,1.0,0.002709758235141635,1.0,0.002415175549685955,0.0951450765132904,0.007194675039499998,0.007238180376589298,0.244749054312706,0.07147581875324249,0.006128231529146433,0.006760803516954184
14,0.008324064314365387,0.008500654250383377,1.0,0.001678640372119844,1.0,0.0017788350814953446,0.9984984993934631,0.006578446365892887,1.0,0.0024139112792909145,1.0,0.002121616853401065,0.9984984993934631,0.01001834124326706,1.0,0.001821084413677454,1.0,0.0019079759949818254,0.08193957805633545,0.0100373774766922,0.009376144036650658,0.2329176962375641,0.069041408598423,0.008511978201568127,0.00886762049049139,0.007180327549576759,0.007053561974316835,1.0,0.0010049312841147184,1.0,0.0012698732316493988,0.9879879951477051,0.019542044028639793,1.0,0.0014038527151569724,1.0,0.0007781969616189599,0.9849849939346313,0.02198938839137554,1.0,0.001665496383793652,1.0,0.0018972090911120176,0.10782680660486221,0.012036086060106754,0.01070692203938961,0.28792837262153625,0.08020477741956711,0.0066136689856648445,0.006755251903086901
15,0.007860438898205757,0.00809179525822401,1.0,0.0015236118342727423,1.0,0.0016443583881482482,0.9992492198944092,0.0035187583416700363,1.0,0.0023509475868195295,1.0,0.0019807128701359034,0.9984984993934631,0.006943799555301666,1.0,0.0017097699455916882,1.0,0.0017679958837106824,0.07680229097604752,0.009519361890852451,0.008915990591049194,0.21774427592754364,0.06865926086902618,0.0080510089173913,0.008404187858104706,0.005811162292957306,0.0057235900312662125,1.0,0.0014575491659343243,1.0,0.0019442186458036304,0.9849849939346313,0.028284499421715736,1.0,0.0022949841804802418,1.0,0.0019135863985866308,0.9759759902954102,0.05424913018941879,1.0,0.0022577892523258924,1.0,0.0023506099823862314,0.08967515081167221,0.007462107576429844,0.006917398422956467,0.29551732540130615,0.07384958118200302,0.0055422293953597546,0.005783779080957174
16,0.007522737141698599,0.007721501402556896,1.0,0.0014105947921052575,1.0,0.0014586278703063726,1.0,0.0017404590034857392,1.0,0.0020911688916385174,1.0,0.001861388562247157,0.9992492198944092,0.0032187646720558405,1.0,0.0015646665124222636,1.0,0.0016740442952141166,0.07479403913021088,0.009285650216042995,0.008480717428028584,0.20651772618293762,0.06793226301670074,0.00772016029804945,0.008040960878133774,0.005711222533136606,0.005330823361873627,1.0,0.001256996882148087,1.0,0.0018181856721639633,0.9879879951477051,0.015530754812061787,1.0,0.0024683556985110044,1.0,0.0019359778380021453,0.9969969987869263,0.010713165625929832,1.0,0.0018358394736424088,1.0,0.0019866081420332193,0.08775950223207474,0.006907833740115166,0.006417611613869667,0.2317308485507965,0.07090532779693604,0.005469772033393383,0.005682869348675013
17,0.007091781590133905,0.007242533378303051,1.0,0.001385747455060482,1.0,0.00146762584336102,1.0,0.0019947655964642763,1.0,0.002063590567559004,1.0,0.0017834400059655309,0.9984984993934631,0.004284092225134373,1.0,0.0015214069280773401,1.0,0.0016001156764104962,0.07412919402122498,0.008714293129742146,0.008074123412370682,0.20266050100326538,0.06640531867742538,0.007305666338652372,0.0075968364253640175,0.005610868334770203,0.0055244131945073605,1.0,0.0011757971951738,1.0,0.0014651824021711946,0.9879879951477051,0.01896355114877224,1.0,0.002239455236122012,1.0,0.002194630913436413,0.9819819927215576,0.042015936225652695,1.0,0.0015453922096639872,1.0,0.0018213028088212013,0.09060085564851761,0.006564843934029341,0.0058245365507900715,0.2725077271461487,0.07589235156774521,0.005504277069121599,0.005564356222748756
18,0.006879204884171486,0.007055687252432108,1.0,0.0012851202627643943,1.0,0.001334764645434916,1.0,0.0013714968226850033,1.0,0.0019040413899347186,1.0,0.001681540277786553,0.9984984993934631,0.00299132545478642,1.0,0.0014115242520347238,1.0,0.0015102141769602895,0.07330020517110825,0.00844534207135439,0.007789702154695988,0.1969311237335205,0.0655842050909996,0.007079579867422581,0.007307203020900488,0.004889447242021561,0.004838165361434221,1.0,0.0016060768393799663,1.0,0.002075615106150508,0.9879879951477051,0.015419571660459042,1.0,0.0020685740746557713,1.0,0.0020256410352885723,0.9969969987869263,0.008123695850372314,1.0,0.0018123583868145943,1.0,0.0017395465401932597,0.08631981909275055,0.006409060675650835,0.00570209976285696,0.22460085153579712,0.07110130786895752,0.005077092442661524,0.0053927781991660595
19,0.006653014570474625,0.006788656115531921,1.0,0.0012446662876755,1.0,0.0013195881620049477,0.9992492198944092,0.0021054528187960386,1.0,0.0018638219917193055,1.0,0.0016115615144371986,0.9992492198944092,0.0038051772862672806,1.0,0.0013691347558051348,1.0,0.0014392995508387685,0.0737079307436943,0.008114170283079147,0.007523299194872379,0.19709324836730957,0.06560434401035309,0.006828393321484327,0.007114765699952841,0.005204178858548403,0.00513845682144165,1.0,0.0016126459231600165,1.0,0.0021667066030204296,0.9819819927215576,0.039385776966810226,1.0,0.002577377948909998,1.0,0.0022078671026974916,0.9759759902954102,0.1042853444814682,1.0,0.0017968376632779837,1.0,0.0017193956300616264,0.08790278434753418,0.006074726581573486,0.005620862357318401,0.3505374491214752,0.07390932738780975,0.005268619395792484,0.005666519980877638
20,0.006440054625272751,0.006675804033875465,1.0,0.0011853170581161976,1.0,0.0012347697047516704,1.0,0.0012117464793846011,1.0,0.0017300330800935626,1.0,0.0015165451914072037,1.0,0.0021879468113183975,1.0,0.0013225491857156157,1.0,0.0013619806850329041,0.07378585636615753,0.00794942956417799,0.007379121612757444,0.1957804560661316,0.0681401789188385,0.006694559473544359,0.006964578293263912,0.006452599074691534,0.006630652584135532,1.0,0.0009171471465379,1.0,0.0010383845074102283,0.9729729890823364,0.09911295771598816,1.0,0.0013325924519449472,1.0,0.0013737494591623545,0.9849849939346313,0.02112298458814621,1.0,0.0008873641490936279,1.0,0.0012859711423516273,0.09968005865812302,0.007967259734869003,0.007116088643670082,0.3387237787246704,0.06985408067703247,0.0068587856367230415,0.007093098945915699
21,0.006258364766836166,0.006376944482326508,1.0,0.0011147023178637028,1.0,0.0011860202066600323,1.0,0.0009649181156419218,1.0,0.001679153647273779,1.0,0.0014712779084220529,0.9992492198944092,0.0026044300757348537,1.0,0.001208283705636859,1.0,0.0013193705817684531,0.07166965305805206,0.0076787881553173065,0.007107179146260023,0.18904349207878113,0.06517735868692398,0.006498204544186592,0.00672887172549963,0.004838247783482075,0.004904454108327627,1.0,0.0014905838761478662,1.0,0.0016399462474510074,0.9819819927215576,0.04327000677585602,1.0,0.0018826995510607958,1.0,0.0022944107186049223,0.9849849939346313,0.02395816333591938,1.0,0.0017750613624230027,1.0,0.0018958721775561571,0.08529893308877945,0.006182861980050802,0.005146021489053965,0.26686933636665344,0.07236720621585846,0.004801773000508547,0.00512308394536376
22,0.0064683882519602776,0.006490570493042469,1.0,0.0010952703887596726,1.0,0.0011651882668957114,1.0,0.0008998115663416684,1.0,0.0015963795594871044,1.0,0.0014073053607717156,1.0,0.0011972205247730017,1.0,0.0012073589023202658,1.0,0.0012429362395778298,0.07381200045347214,0.007687475066632032,0.007195245008915663,0.19034704566001892,0.06548839062452316,0.006482523865997791,0.0069109718315303326,0.006533581763505936,0.00549409119412303,1.0,0.0006546721560880542,1.0,0.0030373060144484043,0.9969969987869263,0.028827032074332237,1.0,0.0022450885735452175,1.0,0.002688524778932333,0.9969969987869263,0.025357576087117195,1.0,0.001654248684644699,1.0,0.0016310956561937928,0.09939169883728027,0.006443887948989868,0.005509010516107082,0.2800941467285156,0.079676553606987,0.005134982988238335,0.005814834963530302
23,0.006091014947742224,0.00626811059191823,1.0,0.0010423875646665692,1.0,0.0010841537732630968,1.0,0.0007803929620422423,1.0,0.0015273723984137177,1.0,0.0013379206648096442,1.0,0.0011994455708190799,1.0,0.0011120819253847003,1.0,0.0012133382260799408,0.07244366407394409,0.007461206987500191,0.006928004790097475,0.18681320548057556,0.06545031815767288,0.006326363421976566,0.006547420751303434,0.00431376788765192,0.0034753158688545227,1.0,0.0009764365968294442,1.0,0.00279342383146286,0.9969969987869263,0.009098349139094353,1.0,0.002334415912628174,1.0,0.0022495295852422714,0.9969969987869263,0.011750878766179085,1.0,0.0017368757398799062,1.0,0.0016876555746421218,0.09197182953357697,0.004971775691956282,0.0045079998672008514,0.22024816274642944,0.06996022909879684,0.0040894378907978535,0.004330259747803211
24,0.005985299590975046,0.006108380854129791,1.0,0.0010034387232735753,1.0,0.00106358015909791,1.0,0.0009885813342407346,1.0,0.0014742303173989058,1.0,0.0013044045772403479,0.9992492198944092,0.0029019112698733807,1.0,0.001096889260224998,1.0,0.0011772981379181147,0.07263654470443726,0.007290844339877367,0.006752456538379192,0.18813318014144897,0.06574507802724838,0.006183546967804432,0.0064206840470433235,0.004494954366236925,0.003852694993838668,1.0,0.0007602412370033562,1.0,0.0016759986756369472,0.9939939975738525,0.01100511197000742,1.0,0.002051921794191003,1.0,0.0015015446115285158,0.9909909963607788,0.021478837355971336,1.0,0.0012858225964009762,1.0,0.001429352443665266,0.09262244403362274,0.004926137626171112,0.004769633058458567,0.23605415225028992,0.07560939341783524,0.004229226615279913,0.004360841121524572
25,0.005770663730800152,0.005867083091288805,1.0,0.0009656485635787249,1.0,0.0010280623100697994,1.0,0.0006155770388431847,1.0,0.0014444487169384956,1.0,0.0012310314923524857,1.0,0.0014826355036348104,1.0,0.0010533957974985242,1.0,0.0011003128020092845,0.07267012447118759,0.006991921924054623,0.006543755065649748,0.183926060795784,0.0650225430727005,0.0059545221738517284,0.006184307858347893,0.004448949359357357,0.004257636610418558,1.0,0.0007729182252660394,1.0,0.001184930675663054,0.9909909963607788,0.021604491397738457,1.0,0.0015112648252397776,1.0,0.0014571045758202672,0.9909909963607788,0.01692088693380356,1.0,0.0010836075525730848,1.0,0.001273434842005372,0.08555859327316284,0.005314727313816547,0.004778196569532156,0.2291155308485031,0.07013680785894394,0.004284267779439688,0.004527722951024771
26,0.005628298502415419,0.0057388413697481155,1.0,0.0009199557243846357,1.0,0.0009467023774050176,1.0,0.0006538628367707133,1.0,0.0013608295703306794,1.0,0.0011834093602374196,1.0,0.0011701802723109722,1.0,0.0010007722303271294,1.0,0.0010564456460997462,0.07093644887208939,0.006836104206740856,0.0063462285324931145,0.17962634563446045,0.06403256952762604,0.00579241756349802,0.0060232654213905334,0.004418856929987669,0.004602189641445875,1.0,0.0010046841343864799,1.0,0.0010311915539205074,0.9879879951477051,0.03085258975625038,1.0,0.0011944479774683714,1.0,0.0012005530297756195,0.9909909963607788,0.020836910232901573,1.0,0.0011617116397246718,1.0,0.0011111218482255936,0.08725422620773315,0.005850020330399275,0.00516597181558609,0.24858719110488892,0.07355938851833344,0.004467090591788292,0.004876227583736181
27,0.005521067418158054,0.005599775817245245,1.0,0.0008771709399297833,1.0,0.000917336787097156,1.0,0.0005185447516851127,1.0,0.0012945024063810706,1.0,0.0011374852620065212,1.0,0.001183191780000925,1.0,0.0009523012558929622,1.0,0.0010192713234573603,0.0693027451634407,0.006679566577076912,0.0062059396877884865,0.17579078674316406,0.06301945447921753,0.0056706927716732025,0.00589170353487134,0.004007999785244465,0.003972284961491823,1.0,0.0009687361307442188,1.0,0.0012279950315132737,0.9909909963607788,0.013680924661457539,1.0,0.0012319706147536635,1.0,0.0012549652019515634,0.9909909963607788,0.018601279705762863,1.0,0.001100457739084959,1.0,0.000930268841329962,0.08441909402608871,0.005279839970171452,0.004656301811337471,0.21920613944530487,0.06930846720933914,0.0040462133474648,0.004519330337643623
28,0.005440226290374994,0.00552314892411232,1.0,0.0008660571766085923,1.0,0.0008904855931177735,1.0,0.0008736247546039522,1.0,0.0012734319316223264,1.0,0.0011162968585267663,0.9992492198944092,0.0017402309458702803,1.0,0.0009247148991562426,1.0,0.001012879773043096,0.07017930597066879,0.006558809895068407,0.006092507392168045,0.1769506186246872,0.06309378147125244,0.005585132632404566,0.005779987666755915,0.004684782586991787,0.004716411232948303,1.0,0.0008452733163721859,1.0,0.0008934804354794323,0.9759759902954102,0.12565484642982483,1.0,0.001047651283442974,1.0,0.001089868019334972,0.9879879951477051,0.040555477142333984,1.0,0.000916761695407331,1.0,0.000918672070838511,0.0919821709394455,0.005854120943695307,0.00517281936481595,0.3649490475654602,0.07095818966627121,0.00467354990541935,0.004984938073903322
29,0.005298582371324301,0.005372824613004923,1.0,0.000846007838845253,1.0,0.000895837030839175,1.0,0.000530474993865937,1.0,0.0012464456958696246,1.0,0.00108950340654701,0.9992492198944092,0.0011289558606222272,1.0,0.000923406274523586,1.0,0.0009699504007585347,0.06802605092525482,0.006382000166922808,0.005946559365838766,0.17224469780921936,0.06250882148742676,0.005425034556537867,0.00565423583611846,0.005660662893205881,0.0070335413329303265,1.0,0.000683184654917568,1.0,0.0006550642428919673,0.9759759902954102,0.1004013866186142,1.0,0.001024139579385519,1.0,0.001021850504912436,0.9879879951477051,0.027059055864810944,1.0,0.0006796825909987092,1.0,0.000796364969573915,0.11686578392982483,0.006777282804250717,0.005956904496997595,0.3640310764312744,0.07612597942352295,0.007114816922694445,0.006175414193421602
30,0.0052548740059137344,0.005337289534509182,1.0,0.0007917953771539032,1.0,0.000836720981169492,1.0,0.00046036578714847565,1.0,0.0011719559552147985,1.0,0.0010056551545858383,1.0,0.001137712737545371,1.0,0.0008621667511761189,1.0,0.000909489463083446,0.06686161458492279,0.006332320161163807,0.005914854817092419,0.16927486658096313,0.06136913225054741,0.005406978074461222,0.005621952470391989,0.00339062069542706,0.0035480791702866554,1.0,0.0008749031112529337,1.0,0.0008713701390661299,0.9969969987869263,0.0054762414656579494,1.0,0.0011808954877778888,1.0,0.0012689230497926474,0.9909909963607788,0.035143859684467316,1.0,0.0009422937873750925,1.0,0.0010682048741728067,0.08937371522188187,0.00452522374689579,0.003874812740832567,0.23178251087665558,0.07307109981775284,0.003511723829433322,0.003660551505163312
31,0.005142601672559977,0.005233540665358305,1.0,0.0007831993862055242,1.0,0.0007998362416401505,1.0,0.00046684331027790904,1.0,0.0011401781812310219,1.0,0.0010187918087467551,1.0,0.0011089384788647294,1.0,0.0008626693161204457,1.0,0.0009028155473060906,0.0679568350315094,0.006183047778904438,0.005730845965445042,0.16970200836658478,0.06163545697927475,0.005267479922622442,0.0054689329117536545,0.003131919540464878,0.0032267984934151173,1.0,0.000972049543634057,1.0,0.0010733966482803226,0.9969969987869263,0.004810185171663761,1.0,0.0011547511676326394,1.0,0.0010618295054882765,0.9909909963607788,0.01881694234907627,1.0,0.0009248870774172246,1.0,0.0007967932033352554,0.08312345296144485,0.0043487027287483215,0.003944507800042629,0.2031397521495819,0.06856419891119003,0.0034069588873535395,0.0037823929451406
32,0.005035224370658398,0.005084642209112644,1.0,0.00074913160642609,1.0,0.0007989576552063227,1.0,0.0004015624290332198,1.0,0.0011007838184013963,1.0,0.0009591164998710155,1.0,0.0007946104742586613,1.0,0.0008095848024822772,1.0,0.0008606084738858044,0.06680874526500702,0.006027044262737036,0.005622384138405323,0.1673574298620224,0.061796870082616806,0.0051535265520215034,0.005354662425816059,0.0032928823493421078,0.0029750207904726267,1.0,0.0007671340717934072,1.0,0.0013615882489830256,0.9969969987869263,0.006541899871081114,1.0,0.0015328583540394902,1.0,0.001390121877193451,0.9909909963607788,0.02858087420463562,1.0,0.0010931261349469423,1.0,0.0011150208301842213,0.08556560426950455,0.003895404050126672,0.003498032223433256,0.21830344200134277,0.07009480893611908,0.0032054746989160776,0.0033935955725610256
33,0.0049263909459114075,0.004981495440006256,1.0,0.0007358776638284326,1.0,0.0007837192970328033,1.0,0.0004535098560154438,1.0,0.0010776401031762362,1.0,0.0009436242980882525,1.0,0.0007683666772209108,1.0,0.0008055970538407564,1.0,0.0008451649337075651,0.06765670329332352,0.00587827293202281,0.0054811034351587296,0.16701734066009521,0.061398789286613464,0.005040678195655346,0.0052404263988137245,0.0029901571106165648,0.003381300950422883,1.0,0.0010245563462376595,1.0,0.0008823464158922434,0.9909909963607788,0.016182459890842438,1.0,0.00111320149153471,1.0,0.0011823259992524981,0.9909909963607788,0.022607367485761642,1.0,0.0011120660929009318,1.0,0.0011022855760529637,0.07980141788721085,0.004172328393906355,0.003584557445719838,0.21353860199451447,0.06785806268453598,0.0032215637620538473,0.00332259526476264
34,0.004962640814483166,0.005066196899861097,1.0,0.0007281018188223243,1.0,0.0007890752167440951,1.0,0.0004228083707857877,1.0,0.001091080834157765,1.0,0.0009192336583510041,1.0,0.0009009461500681937,1.0,0.000813632330391556,1.0,0.0008433686452917755,0.06551538407802582,0.005941374227404594,0.005518901627510786,0.1648005247116089,0.06097022444009781,0.005041986238211393,0.005275553558021784,0.008715671487152576,0.007631653919816017,1.0,6.526017386931926e-05,1.0,0.0001902416261145845,0.9849849939346313,0.046726565808057785,1.0,0.00012389187759254128,1.0,0.00019389895896892995,0.9729729890823364,0.07100151479244232,1.0,0.00015076619456522167,1.0,0.00011171097139595076,0.08487299084663391,0.010533703491091728,0.008037274703383446,0.32448095083236694,0.07025313377380371,0.007269804831594229,0.008602863177657127
35,0.004971353802829981,0.005043016280978918,1.0,0.0006818411056883633,1.0,0.0007033723522908986,1.0,0.0003424287133384496,1.0,0.0009945528581738472,1.0,0.0008923845598474145,1.0,0.000720322597771883,1.0,0.0007169003365561366,1.0,0.0007965018739923835,0.06534896790981293,0.005915585905313492,0.005482472945004702,0.16438235342502594,0.06142761930823326,0.005082815419882536,0.005262185353785753,0.004349181428551674,0.004501163028180599,1.0,0.0005781023646704853,1.0,0.0006846821634098887,0.9819819927215576,0.07187189161777496,1.0,0.0007346371421590447,1.0,0.0008916629594750702,0.9879879951477051,0.015166823752224445,1.0,0.0006975784199312329,1.0,0.0006501268362626433,0.09968524426221848,0.005516247358173132,0.004779815673828125,0.28743618726730347,0.06804066896438599,0.0044606090523302555,0.004827766679227352
36,0.004712551366537809,0.004780465271323919,1.0,0.000680179859045893,1.0,0.0007360510062426329,1.0,0.000319943850627169,1.0,0.0009811018826439977,1.0,0.0008727032109163702,1.0,0.0012009129859507084,1.0,0.0007504746317863464,1.0,0.0007823309279046953,0.06459113955497742,0.005635690409690142,0.005240003112703562,0.1613122671842575,0.060183506458997726,0.004834146238863468,0.005011065397411585,0.0034775827080011368,0.0036677513271570206,1.0,0.0007231530616991222,1.0,0.0007482799119316041,0.9879879951477051,0.025719983503222466,1.0,0.0011715805158019066,1.0,0.001144194626249373,0.9759759902954102,0.1125502735376358,1.0,0.0009596642339602113,1.0,0.0008350380812771618,0.0799446627497673,0.004130862653255463,0.0037669576704502106,0.31481316685676575,0.06854002922773361,0.003582397475838661,0.0038507506251335144
37,0.004536658991128206,0.00464994041249156,1.0,0.0006628230912610888,1.0,0.00070580915780738,1.0,0.0003483516920823604,1.0,0.0009675772162154317,1.0,0.0008472499321214855,1.0,0.000716291950084269,1.0,0.0007387713412754238,1.0,0.0007720761350356042,0.06446043401956558,0.005447854287922382,0.005073831416666508,0.15918630361557007,0.05969982221722603,0.0046979207545518875,0.004860878922045231,0.002690863562747836,0.0027748001739382744,1.0,0.0011542114662006497,1.0,0.001288699102587998,0.9909909963607788,0.01990804634988308,1.0,0.0015564537607133389,1.0,0.0012433645315468311,0.9879879951477051,0.03974880650639534,1.0,0.0011702331248670816,1.0,0.0011938385432586074,0.08119750022888184,0.003417213447391987,0.003264643717557192,0.23028917610645294,0.06369221955537796,0.0029274984262883663,0.00306078908033669
38,0.0044862329959869385,0.004583218600600958,1.0,0.0006284440169110894,1.0,0.0006763591663911939,1.0,0.0002681338519323617,1.0,0.0009389927145093679,1.0,0.000805176212452352,1.0,0.0005999256973154843,1.0,0.0006840479327365756,1.0,0.0007317546405829489,0.06391914933919907,0.005351330619305372,0.005007615778595209,0.15720205008983612,0.059071898460388184,0.00465354835614562,0.004796214867383242,0.003729226067662239,0.003887438913807273,1.0,0.0006357639213092625,1.0,0.0006932152318768203,0.9849849939346313,0.05603959783911705,1.0,0.0009844218147918582,1.0,0.0008112708455882967,0.9879879951477051,0.024365101009607315,1.0,0.0008032146724872291,1.0,0.0008123750449158251,0.08440705388784409,0.00450943736359477,0.004292625002563,0.25787830352783203,0.06402494758367538,0.0038379705511033535,0.004044660367071629
39,0.0044106668792665005,0.004512999206781387,1.0,0.0006262483075261116,1.0,0.0006684483960270882,1.0,0.00031524960650131106,1.0,0.000924253894481808,1.0,0.0007964682299643755,1.0,0.0008767244289629161,1.0,0.0006877131527289748,1.0,0.000730915111489594,0.06275758147239685,0.005249840207397938,0.004920743405818939,0.15580588579177856,0.05906001478433609,0.004559144377708435,0.004708876367658377,0.0038856673054397106,0.004380903672426939,1.0,0.0006047924398444593,1.0,0.00048503969446755946,0.9819819927215576,0.07396937161684036,1.0,0.0008820929215289652,1.0,0.0007196580991148949,0.9789789915084839,0.0595114603638649,1.0,0.0004799555754289031,1.0,0.0007191829499788582,0.08665748685598373,0.004800290800631046,0.004538017325103283,0.32003164291381836,0.06952528655529022,0.004500800743699074,0.0043716346845030785
40,0.00436536455526948,0.0044681616127491,1.0,0.0006039774743840098,1.0,0.0006423823651857674,1.0,0.00029610280762426555,1.0,0.0008841797825880349,1.0,0.000776515866164118,1.0,0.0007384586497209966,1.0,0.0006632760050706565,1.0,0.0007016981253400445,0.062154192477464676,0.005199790932238102,0.00484583480283618,0.1543114334344864,0.05877840146422386,0.004523691721260548,0.0046694022603333,0.0032873100135475397,0.003560105338692665,1.0,0.0007359743467532098,1.0,0.000712683133315295,0.9879879951477051,0.023435354232788086,1.0,0.0009684221586212516,1.0,0.0009034006507135928,0.9849849939346313,0.07259711623191833,1.0,0.0007963079260662198,1.0,0.0007879065233282745,0.08167210966348648,0.00416640704497695,0.003774872748181224,0.26803529262542725,0.063477523624897,0.003481347346678376,0.00367844314314425
41,0.00433371914550662,0.004413838032633066,1.0,0.000566729053389281,1.0,0.0006169637199491262,1.0,0.0002293498837389052,1.0,0.0008497827802784741,1.0,0.0007281469879671931,1.0,0.0005507188616320491,1.0,0.0006254743202589452,1.0,0.0006658462807536125,0.06034478172659874,0.00513681722804904,0.004812952596694231,0.1511027216911316,0.05814025178551674,0.004480606876313686,0.004606771282851696,0.002514328807592392,0.002802619943395257,1.0,0.0005363974487408996,1.0,0.0004927758709527552,0.9969969987869263,0.0196048803627491,1.0,0.0007323927711695433,1.0,0.0005530590424314141,1.0,0.004427026491612196,1.0,0.0007412881823256612,1.0,0.0005885651335120201,0.0805157870054245,0.003566486295312643,0.003293985268101096,0.19952720403671265,0.07370606064796448,0.0025294492952525616,0.0029221149161458015
42,0.004264288116246462,0.004338638857007027,1.0,0.0005716568557545543,1.0,0.0006092010298743844,1.0,0.0002596633567009121,1.0,0.0008326483657583594,1.0,0.0007362887263298035,1.0,0.0006539737805724144,1.0,0.0006288479780778289,1.0,0.0006650876603089273,0.05971177667379379,0.005048083607107401,0.004707493353635073,0.14987140893936157,0.057923588901758194,0.004394836723804474,0.004525322932749987,0.005030451342463493,0.0059323967434465885,1.0,0.0005882947589270771,1.0,0.00045039027463644743,0.9879879951477051,0.03951594606041908,1.0,0.0007846119115129113,1.0,0.0005627616192214191,0.9909909963607788,0.016564711928367615,1.0,0.000625903601758182,1.0,0.000618812395259738,0.08618757128715515,0.006109459791332483,0.005725831724703312,0.2513155937194824,0.07072445005178452,0.005887436214834452,0.00600655609741807
43,0.00418140459805727,0.004262545611709356,1.0,0.0005665204953402281,1.0,0.0005829756846651435,1.0,0.0002547016483731568,1.0,0.0008210454834625125,1.0,0.0007101793889887631,1.0,0.0005171002121642232,1.0,0.0006160128978081048,1.0,0.0006468278006650507,0.05971556901931763,0.004934363998472691,0.004616038408130407,0.1491202563047409,0.0579288974404335,0.004319852218031883,0.004446213599294424,0.0037745109293609858,0.0043469625525176525,1.0,0.0004956183256581426,1.0,0.0002935050579253584,0.9849849939346313,0.040062062442302704,1.0,0.0007578711956739426,1.0,0.0005527132889255881,0.9849849939346313,0.044195253401994705,1.0,0.0002713784924708307,1.0,0.0004731827066279948,0.07829546928405762,0.004567178897559643,0.004418306518346071,0.25906702876091003,0.06771628558635712,0.004553094506263733,0.004293608013540506
44,0.004102650564163923,0.004150944761931896,1.0,0.0005260856123641133,1.0,0.0005749093252234161,1.0,0.00020210952789057046,1.0,0.0008005211711861193,1.0,0.000682121841236949,1.0,0.00037949028774164617,1.0,0.0005918660317547619,1.0,0.000624484324362129,0.05886517092585564,0.004824555013328791,0.004526365082710981,0.14641056954860687,0.05698130279779434,0.004232374951243401,0.0043456172570586205,0.0023714029230177402,0.0028328283224254847,1.0,0.0006854089442640543,1.0,0.0003574978618416935,0.9909909963607788,0.014701105654239655,1.0,0.0006913912366144359,1.0,0.00045462886919267476,0.9909909963607788,0.014530213549733162,1.0,0.00034324449370615184,1.0,0.0004766838392242789,0.0834774449467659,0.003401705762371421,0.0032591631170362234,0.19963252544403076,0.06613938510417938,0.0030460043344646692,0.002864396432414651
45,0.004100636579096317,0.004139516968280077,1.0,0.0005276882438920438,1.0,0.0005676093278452754,1.0,0.0003238075878471136,1.0,0.0007646233425475657,1.0,0.0006811811472289264,1.0,0.0008767911931499839,1.0,0.0005844793631695211,1.0,0.0006053619435988367,0.058140575885772705,0.004816240165382624,0.004502600524574518,0.14627592265605927,0.057097941637039185,0.0042008645832538605,0.004346032161265612,0.0022475013975054026,0.0024102148599922657,1.0,0.0005796409677714109,1.0,0.0006145150982774794,0.9969969987869263,0.007096134591847658,1.0,0.0008371217409148812,1.0,0.0008330211858265102,1.0,0.004434296861290932,1.0,0.000775940774474293,1.0,0.0007178883533924818,0.07144540548324585,0.003092326456680894,0.002637186087667942,0.16628359258174896,0.06371860206127167,0.0022988230921328068,0.0025449765380471945
46,0.004009895958006382,0.004081360064446926,1.0,0.0005346444668248296,1.0,0.0005597721319645643,1.0,0.0002384922991041094,1.0,0.0007769467192701995,1.0,0.0006758666131645441,1.0,0.00048232136759907007,1.0,0.0005816259072162211,1.0,0.0006161536439321935,0.05783158913254738,0.004719603341072798,0.0043978919275105,0.1434447318315506,0.055546924471855164,0.004147319123148918,0.00424431124702096,0.0033272879663854837,0.0036134032998234034,1.0,0.0005201922613196075,1.0,0.00035468736314214766,0.9849849939346313,0.05923335254192352,1.0,0.0005999802961014211,1.0,0.0006295520579442382,0.9969969987869263,0.008840096183121204,1.0,0.00043028336949646473,1.0,0.000581741682253778,0.0782577320933342,0.0041768234223127365,0.003765051020309329,0.2353188693523407,0.06384081393480301,0.003666872624307871,0.003481005784124136
47,0.0038107254076749086,0.003533276729285717,1.0,0.0004812234838027507,1.0,0.0005281241028569639,1.0,0.00017083070997614413,1.0,0.0007212439668364823,1.0,0.000642342318315059,1.0,0.0004628990136552602,1.0,0.0005399292567744851,1.0,0.000568053568713367,0.054722484201192856,0.00436357781291008,0.004026242531836033,0.1373284012079239,0.05499086529016495,0.0038382732309401035,0.003928294405341148,0.001868996536359191,0.001874186098575592,1.0,0.0009834722150117159,1.0,0.003229833673685789,0.9879879951477051,0.04109730198979378,1.0,0.0034960934426635504,1.0,0.0022412023972719908,0.9879879951477051,0.016378657892346382,1.0,0.00163617345970124,1.0,0.0017258560983464122,0.07153524458408356,0.0023769009858369827,0.002311629941686988,0.21387536823749542,0.0589752271771431,0.002040511928498745,0.002104061422869563
48,0.004134275484830141,0.0043290178291499615,1.0,0.0005150779034011066,1.0,0.0007659782422706485,0.9992492198944092,0.008319329470396042,1.0,0.0008477891096845269,1.0,0.0007961938972584903,0.9992492198944092,0.007403635885566473,1.0,0.0006572144338861108,1.0,0.00064314273186028,0.07168512046337128,0.004935156553983688,0.004576404578983784,0.18166634440422058,0.0633738711476326,0.0042925383895635605,0.004391619004309177,0.001513828756287694,0.0018225875683128834,1.0,0.033462557941675186,1.0,0.03218880668282509,0.9969969987869263,0.033052958548069,1.0,0.03885442018508911,1.0,0.04977209493517876,0.9459459185600281,0.38703933358192444,1.0,0.056184981018304825,1.0,0.03316891938447952,0.3877617418766022,0.0018651146674528718,0.0019248564494773746,1.20731520652771,0.14514614641666412,0.0015727750724181533,0.001984142931178212
49,0.00418376550078392,0.004445775877684355,1.0,0.00048648251686245203,1.0,0.0005315980524756014,0.9992492198944092,0.005078277084976435,1.0,0.0007423389470204711,1.0,0.0006348104798234999,0.9992492198944092,0.0024290825240314007,1.0,0.0005459215608425438,1.0,0.0005692096892744303,0.07604622095823288,0.004955419804900885,0.004689978435635567,0.1818137764930725,0.06755755841732025,0.0044208732433617115,0.004496497567743063,0.0013445927761495113,0.001805620500817895,1.0,0.024298300966620445,1.0,0.01500319130718708,0.8918918967247009,0.4760589599609375,1.0,0.022632230073213577,1.0,0.01989101804792881,0.9879879951477051,0.02148588001728058,1.0,0.02856680192053318,1.0,0.013676704838871956,0.36856144666671753,0.0019485546508803964,0.0020256212446838617,1.1256740093231201,0.1250312626361847,0.0014678557636216283,0.0018759944941848516
50,0.004084830638021231,0.004247242119163275,1.0,0.00048378415522165596,1.0,0.0005085918237455189,1.0,0.0006562769995070994,1.0,0.0007242994615808129,1.0,0.0006178794428706169,0.9992492198944092,0.00243510608561337,1.0,0.0005548705230467021,1.0,0.0005601675948128104,0.07040851563215256,0.0048168678767979145,0.0045790476724505424,0.16746698319911957,0.06414929777383804,0.004314064048230648,0.004326116293668747,0.0021723334211856127,0.002061600564047694,1.0,0.001150144962593913,1.0,0.004005886614322662,0.9729729890823364,0.13702601194381714,1.0,0.0048626200295984745,1.0,0.002741825534030795,0.9849849939346313,0.03572585806250572,1.0,0.0021453711669892073,1.0,0.0017760585760697722,0.09390252828598022,0.0025453942362219095,0.0021302076056599617,0.36167535185813904,0.06499584764242172,0.002160978503525257,0.0022726848255842924
51,0.004036023747175932,0.004155872389674187,1.0,0.0004587012226693332,1.0,0.0004894477897323668,1.0,0.0008828192367218435,1.0,0.0006835951353423297,1.0,0.0006070290110073984,1.0,0.0003446042537689209,1.0,0.0005250226240605116,1.0,0.0005395592306740582,0.0698169693350792,0.004693199414759874,0.0044441744685173035,0.1614115685224533,0.061263203620910645,0.004195587243884802,0.0042757438495755196,0.0019856696017086506,0.0018291097367182374,1.0,0.0006230219732969999,1.0,0.002552478341385722,0.9729729890823364,0.12611538171768188,1.0,0.0036129853688180447,1.0,0.0014342195354402065,0.9969969987869263,0.01022485364228487,1.0,0.0012680062791332603,1.0,0.0012920298613607883,0.09986576437950134,0.00228627840988338,0.002156728645786643,0.3256937563419342,0.06647113710641861,0.0019275954691693187,0.002048497786745429
52,0.00397592643275857,0.004063889849931002,1.0,0.0004514882748480886,1.0,0.0004977908101864159,1.0,0.0008990088826976717,1.0,0.000678515003528446,1.0,0.0005863646510988474,0.9992492198944092,0.0027707451954483986,1.0,0.0005106139578856528,1.0,0.0005276191513985395,0.07081662118434906,0.004640880506485701,0.004379837308079004,0.1674058884382248,0.06429223716259003,0.0041163102723658085,0.004198054783046246,0.002080092905089259,0.0020751182455569506,1.0,0.000368683657143265,1.0,0.0004978029755875468,0.9819819927215576,0.1362820714712143,1.0,0.0007430008263327181,1.0,0.0005655704298987985,0.9879879951477051,0.04070408642292023,1.0,0.00032094743801280856,1.0,0.0004498773778323084,0.0844619944691658,0.002588331699371338,0.002451189560815692,0.34640219807624817,0.06808190792798996,0.002413753420114517,0.0023177664261311293
53,0.003967823460698128,0.004074440337717533,1.0,0.0004342336324043572,1.0,0.0004480461066123098,1.0,0.0003472566604614258,1.0,0.0006396613316610456,1.0,0.0005531437345780432,1.0,0.00036434223875403404,1.0,0.0004696811956819147,1.0,0.00050142384134233,0.06754688173532486,0.004628131166100502,0.004358194302767515,0.15733185410499573,0.06071832403540611,0.004093088675290346,0.004187197890132666,0.0020542063284665346,0.0019113351590931416,1.0,0.0003805615706369281,1.0,0.001056913286447525,0.9789789915084839,0.10976062715053558,1.0,0.0009512110846117139,1.0,0.0007733755628578365,0.9879879951477051,0.02181132696568966,1.0,0.000540291192010045,1.0,0.0005507100722752512,0.10212527960538864,0.0024986041244119406,0.0022788599599152803,0.32473233342170715,0.0737595483660698,0.0020915018394589424,0.0021879710257053375
54,0.0038842593785375357,0.003927887883037329,1.0,0.00042621768079698086,1.0,0.0004713113303296268,1.0,0.00028670148458331823,1.0,0.0006371532799676061,1.0,0.0005520246340893209,0.9992492198944092,0.0015466177137568593,1.0,0.000474337866762653,1.0,0.000498221954330802,0.06605544686317444,0.004491081926971674,0.004247698467224836,0.1563476175069809,0.06074608117341995,0.004003780893981457,0.0040987893007695675,0.0017965756123885512,0.0020005020778626204,1.0,0.0005921691190451384,1.0,0.000494678970426321,0.9939939975738525,0.011256484314799309,1.0,0.0005163021851330996,1.0,0.0007425515213981271,0.9849849939346313,0.10357197374105453,1.0,0.0008340284693986177,1.0,0.0008153004455380142,0.08653981238603592,0.0027176178991794586,0.002180218230932951,0.2852024435997009,0.06742609292268753,0.0017965103033930063,0.0019216290675103664
55,0.0037978326436132193,0.00387637154199183,1.0,0.00043440875015221536,1.0,0.0004481267824303359,1.0,0.00027124161715619266,1.0,0.000630191236268729,1.0,0.0005393279134295881,1.0,0.00029738841112703085,1.0,0.00046353990910574794,1.0,0.0004992650356143713,0.06470929831266403,0.0043863109312951565,0.004165932070463896,0.15224763751029968,0.059840623289346695,0.0038973845075815916,0.0039903647266328335,0.0015655425377190113,0.001586050959303975,1.0,0.0008689832757227123,1.0,0.001181596890091896,0.9969969987869263,0.004830909427255392,1.0,0.0011362556833773851,1.0,0.001362365554086864,0.9879879951477051,0.02723315730690956,1.0,0.0009321261895820498,1.0,0.0010659554973244667,0.0814574733376503,0.002114521572366357,0.001786514651030302,0.19515155255794525,0.06460858136415482,0.0017086741281673312,0.0017128492472693324
56,0.0037620242219418287,0.0038434742018580437,1.0,0.00039831901085563004,1.0,0.00042303791269659996,1.0,0.00015727331629022956,1.0,0.0005964944139122963,1.0,0.0005180347361601889,1.0,0.00021371524780988693,1.0,0.00043989368714392185,1.0,0.0004606634902302176,0.06103556230664253,0.004378841258585453,0.004101737402379513,0.14607857167720795,0.05792507156729698,0.003865037579089403,0.0039594219997525215,0.0018078285502269864,0.0015964891063049436,1.0,0.0005212840624153614,1.0,0.0010154895717278123,0.9909909963607788,0.03244541957974434,1.0,0.0009965666104108095,1.0,0.0012196935713291168,0.9849849939346313,0.037848517298698425,1.0,0.0009612106368876994,1.0,0.0008659003651700914,0.08102498203516006,0.0022507370449602604,0.0019045559456571937,0.22979097068309784,0.061745785176754,0.0017212418606504798,0.0018652520375326276
57,0.003622086951509118,0.0036330001894384623,1.0,0.0003911479143425822,1.0,0.00041767096263356507,1.0,0.00013758320710621774,1.0,0.0005871184403076768,1.0,0.0005045036668889225,1.0,0.00029774053837172687,1.0,0.0004292519297450781,1.0,0.00045305516687221825,0.059957075864076614,0.004160454496741295,0.003915239125490189,0.14309318363666534,0.057106178253889084,0.0036874490324407816,0.003793674288317561,0.0017027102876454592,0.0015496248379349709,1.0,0.0006322368863038719,1.0,0.0009359969990327954,0.9849849939346313,0.060310278087854385,1.0,0.0009680637158453465,1.0,0.0009249526774510741,0.9849849939346313,0.03910218924283981,1.0,0.0008522666175849736,1.0,0.0007601470570079982,0.0788457989692688,0.00224999338388443,0.002084694104269147,0.257877379655838,0.06326553225517273,0.0017576185055077076,0.0019352976232767105
58,0.0034991451539099216,0.0035165741574019194,1.0,0.0003967926313634962,1.0,0.00041219344711862504,1.0,0.00013544954708777368,1.0,0.0005723012727685273,1.0,0.0004992112517356873,1.0,0.0002784322132356465,1.0,0.00042219660826958716,1.0,0.00045276564196683466,0.0564437173306942,0.00402042968198657,0.0038299215957522392,0.13787499070167542,0.05616045370697975,0.0035558664239943027,0.003679565852507949,0.0018014232628047466,0.0013735458487644792,1.0,0.0007835726137273014,1.0,0.001554256770759821,0.9849849939346313,0.03454513102769852,1.0,0.0013455406296998262,1.0,0.0012883704621344805,0.9759759902954102,0.06897357851266861,1.0,0.0011671945685520768,1.0,0.0010542705422267318,0.08088395744562149,0.001998196355998516,0.0020719761960208416,0.2658211886882782,0.06318684667348862,0.0017959419637918472,0.0019973674789071083
59,0.0035653142258524895,0.003508231369778514,1.0,0.00037460014573298395,1.0,0.0004090616130270064,1.0,0.00015452459047082812,1.0,0.0005621018353849649,1.0,0.00048738784971646965,1.0,0.0003002067096531391,1.0,0.0004171992768533528,1.0,0.00043838200508616865,0.05817878246307373,0.0040349652990698814,0.003852379508316517,0.1395694762468338,0.05594899132847786,0.0036039380356669426,0.0037334226071834564,0.0016418308950960636,0.0012156794546172023,1.0,0.0010804295307025313,1.0,0.0019340221770107746,0.9759759902954102,0.06378521025180817,1.0,0.00151132233440876,1.0,0.0018035556422546506,0.9639639854431152,0.11981724947690964,1.0,0.0017857698258012533,1.0,0.0012565221404656768,0.08013063669204712,0.0019798818975687027,0.0022303536534309387,0.3486866056919098,0.06493401527404785,0.0014228093205019832,0.0021573223639279604
60,0.0033399597741663456,0.003318510251119733,1.0,0.0003841717552859336,1.0,0.00040800945134833455,1.0,0.00018411561904940754,1.0,0.0005746893002651632,1.0,0.0004939442151226103,1.0,0.0006117860903032124,1.0,0.00041325914207845926,1.0,0.0004420522600412369,0.06042080000042915,0.003859747899696231,0.003685935866087675,0.1430245190858841,0.05794009193778038,0.0034312261268496513,0.003516214666888118,0.0023982098791748285,0.0024827977176755667,1.0,0.0007508520502597094,1.0,0.001007754704914987,0.9969969987869263,0.019994139671325684,1.0,0.0005914465873502195,1.0,0.0006273254984989762,0.9639639854431152,0.19411787390708923,1.0,0.0003302227705717087,1.0,0.0005796269979327917,0.09572536498308182,0.0036447385791689157,0.002835392951965332,0.41730067133903503,0.08593040704727173,0.003625098615884781,0.002659386722370982
61,0.0040221731178462505,0.004345211200416088,1.0,0.00045243912609294057,1.0,0.000654021801892668,0.9969969987869263,0.012789644300937653,1.0,0.0006495487177744508,1.0,0.0005927274469286203,0.9984984993934631,0.016644645482301712,1.0,0.0005909075844101608,1.0,0.0005123679293319583,0.08617103099822998,0.004657623823732138,0.004427293781191111,0.22364690899848938,0.0785808116197586,0.004301158711314201,0.004255255218595266,8.037429506657645e-05,0.00012114373384974897,1.0,0.267963171005249,1.0,0.2786502242088318,0.9969969987869263,0.04458598047494888,1.0,0.28534090518951416,1.0,0.31272679567337036,0.3513513505458832,1.3232535123825073,1.0,0.27120891213417053,1.0,0.2976195216178894,0.4760870635509491,0.00020514591597020626,0.00012046105257468298,3.812551736831665,0.25437358021736145,0.00011766838724724948,9.746936848387122e-05
62,0.003750164993107319,0.0038654825184494257,1.0,0.0003904213954228908,1.0,0.000420949247200042,1.0,0.00087501120287925,1.0,0.0005473576602526009,1.0,0.00048282602801918983,0.9992492198944092,0.0034048352390527725,1.0,0.0003720905224326998,1.0,0.00041827152017503977,0.07783905416727066,0.004371168557554483,0.004108999390155077,0.17941920459270477,0.07075796276330948,0.003890181425958872,0.003924421966075897,0.0014546557795256376,0.001316369278356433,1.0,0.007849840447306633,1.0,0.01014704629778862,0.8678678870201111,0.5879010558128357,1.0,0.012734676711261272,1.0,0.012845126911997795,0.9639639854431152,0.4128555357456207,1.0,0.011482063680887222,1.0,0.009483140893280506,0.17069363594055176,0.0017265226924791932,0.0014782969374209642,1.3830838203430176,0.13852639496326447,0.001256219926290214,0.0013331095688045025
63,0.003716026432812214,0.0037464830093085766,1.0,0.0003618145128712058,1.0,0.0003755325451493263,1.0,0.00023710032110102475,1.0,0.0005308904219418764,1.0,0.0004608167218975723,1.0,0.000998108647763729,1.0,0.0004003186186309904,1.0,0.00041193136712536216,0.07335510849952698,0.004252759274095297,0.003999650478363037,0.16628701984882355,0.06588650494813919,0.003715597791597247,0.003838376607745886,0.0016767142806202173,0.0014525559963658452,1.0,0.0003527971275616437,1.0,0.0035586256999522448,0.966966986656189,0.186031311750412,1.0,0.0033544169273227453,1.0,0.002221744041889906,0.9849849939346313,0.04356788098812103,1.0,0.000518735614605248,1.0,0.0003397769178263843,0.1217433512210846,0.0018133667763322592,0.0018981315661221743,0.4458872079849243,0.07384619861841202,0.0016512532019987702,0.0018603112548589706
64,0.0035580568946897984,0.0036249628756195307,1.0,0.00036561224260367453,1.0,0.0003741602704394609,1.0,0.0006782420678064227,1.0,0.0005524509469978511,1.0,0.0004701885627582669,1.0,0.0006535123684443533,1.0,0.0003898931900039315,1.0,0.0004204033175483346,0.07227770239114761,0.004098860081285238,0.0038616550154983997,0.1621628701686859,0.06354369968175888,0.003600688651204109,0.0036927927285432816,0.0014802111545577645,0.0014670997625216842,1.0,0.00041276725823991,1.0,0.0005811447044834495,0.9759759902954102,0.12929964065551758,1.0,0.00041460126521997154,1.0,0.0004502443189267069,0.9939939975738525,0.008599989116191864,1.0,0.0007362343603745103,1.0,0.0003756853984668851,0.09282667189836502,0.0022041245829313993,0.0018687808187678456,0.31760701537132263,0.07371871173381805,0.0014165932079777122,0.0017545216251164675
65,0.0034968452528119087,0.0035600480623543262,1.0,0.0003373109793756157,1.0,0.0003729207965079695,1.0,0.0002206163917435333,1.0,0.0005031934706494212,1.0,0.0004327323113102466,1.0,0.0004867758834734559,1.0,0.00037293287459760904,1.0,0.0003934390260837972,0.07158858329057693,0.004039119463413954,0.00381226628087461,0.15934498608112335,0.0625055581331253,0.0035635579843074083,0.0036590630188584328,0.0015772865153849125,0.001559640746563673,1.0,0.0002441694959998131,1.0,0.0003572598798200488,0.9909909963607788,0.023124536499381065,1.0,0.000431093096267432,1.0,0.0003258646174799651,0.9909909963607788,0.01579127460718155,1.0,0.0003986292867921293,1.0,0.0002850706805475056,0.09046215564012527,0.002061971928924322,0.0019217369845137,0.21179723739624023,0.06996317207813263,0.001543711288832128,0.0017496627988293767
66,0.0034234283957630396,0.003505920059978962,1.0,0.00034427354694344103,1.0,0.0003655911423265934,1.0,0.000228125587454997,1.0,0.0005156369297765195,1.0,0.00043406151235103607,1.0,0.0004809561069123447,1.0,0.0003664092218969017,1.0,0.00040008709765970707,0.07013412564992905,0.00395584013313055,0.0037445088382810354,0.1566055417060852,0.061613935977220535,0.00350410514511168,0.0035885546822100878,0.0015392686473205686,0.0014393648598343134,1.0,0.0002659078745637089,1.0,0.00047892966540530324,0.9759759902954102,0.12929236888885498,1.0,0.00036493540392257273,1.0,0.00044275756226852536,0.9849849939346313,0.048952605575323105,1.0,0.00042866787407547235,1.0,0.0003095291613135487,0.09209942817687988,0.0021367461886256933,0.0017549467738717794,0.35101428627967834,0.06822623312473297,0.001546598388813436,0.0017360049532726407
67,0.0034064226783812046,0.003468077164143324,1.0,0.0003193566226400435,1.0,0.0003415849059820175,1.0,0.0001871468557510525,1.0,0.0004800466413144022,1.0,0.00040734431240707636,1.0,0.0002862298861145973,1.0,0.00035038459463976324,1.0,0.0003688734723255038,0.07000946998596191,0.00391617463901639,0.0037077786400914192,0.1565212607383728,0.06223369762301445,0.003468648763373494,0.003570041386410594,0.0013134574983268976,0.00125746033154428,1.0,0.0003750690375454724,1.0,0.0006013574311509728,0.9969969987869263,0.006886174436658621,1.0,0.000526738294865936,1.0,0.0006153879221528769,0.9909909963607788,0.0264588613063097,1.0,0.0006004957831464708,1.0,0.00043228326831012964,0.08504887670278549,0.0018953654216602445,0.0015395167283713818,0.19565531611442566,0.06533210724592209,0.0012845261953771114,0.0014876141212880611
68,0.0033832956105470657,0.003444996662437916,1.0,0.00031410259543918073,1.0,0.000344518426572904,1.0,0.00017694941197987646,1.0,0.00047677819384261966,1.0,0.00040451722452417016,1.0,0.0002661650942172855,1.0,0.0003418366832192987,1.0,0.00036504000308923423,0.06964679062366486,0.0038789629470556974,0.0036754163447767496,0.1553603559732437,0.06164687126874924,0.003451497294008732,0.0035426365211606026,0.001379649736918509,0.001531201764009893,1.0,0.00030649060499854386,1.0,0.000337647448759526,0.9759759902954102,0.0906991958618164,1.0,0.0003821803256869316,1.0,0.000428267871029675,0.9879879951477051,0.018570613116025925,1.0,0.00031023233896121383,1.0,0.0003471602394711226,0.09203851222991943,0.0020764009095728397,0.0016627594595775008,0.2796976864337921,0.06660880893468857,0.0014797458425164223,0.001538796117529273
69,0.0033443958964198828,0.003394678933545947,1.0,0.00031395445694215596,1.0,0.0003372301289346069,1.0,0.00018043215095531195,1.0,0.0004608534509316087,1.0,0.0003985996590927243,1.0,0.00027140878955833614,1.0,0.0003446653136052191,1.0,0.00036795029882341623,0.0678308978676796,0.0038369419053196907,0.00363419228233397,0.15219229459762573,0.0605805441737175,0.0034007865469902754,0.0034947674721479416,0.0012864446034654975,0.0012552739353850484,1.0,0.0003535518189892173,1.0,0.000516880361828953,0.9939939975738525,0.01145580317825079,1.0,0.0006018138956278563,1.0,0.000652594433631748,0.9879879951477051,0.04883881285786629,1.0,0.0005984407034702599,1.0,0.00047016507596708834,0.08538932353258133,0.0016990620642900467,0.0014267780352383852,0.22614845633506775,0.06900077313184738,0.0012184141669422388,0.0013843149645254016
70,0.003297492628917098,0.0033489519264549017,1.0,0.0003038694558199495,1.0,0.0003245233092457056,1.0,0.00014470491441898048,1.0,0.00045333680463954806,1.0,0.00039116290281526744,1.0,0.0001981981477001682,1.0,0.0003236625634599477,1.0,0.0003497581637930125,0.06788250803947449,0.0037790737114846706,0.003578739007934928,0.15175393223762512,0.060558147728443146,0.0033633236307650805,0.0034564132802188396,0.0013355320552363992,0.0012755602365359664,1.0,0.00028663643752224743,1.0,0.0006510513485409319,0.9819819927215576,0.08580935001373291,1.0,0.0008307190728373826,1.0,0.0005591866793110967,0.9969969987869263,0.0076296026818454266,1.0,0.0002592728997115046,1.0,0.0003329177852720022,0.09073616564273834,0.0016848102677613497,0.0015414024237543344,0.26302462816238403,0.06712746620178223,0.0014725980581715703,0.0014923446578904986
71,0.003284604288637638,0.003335061715915799,1.0,0.0002968953631352633,1.0,0.00032272591488435864,1.0,0.0001819476019591093,1.0,0.00045161787420511246,1.0,0.0003837520198430866,1.0,0.0006060405867174268,1.0,0.0003294715716037899,1.0,0.00034474596031941473,0.06721481680870056,0.003762965090572834,0.0035649605561047792,0.15186195075511932,0.060979705303907394,0.0033472408540546894,0.003455384634435177,0.0010669981129467487,0.0012146708322688937,1.0,0.0005621449672617018,1.0,0.00046847754856571555,0.9969969987869263,0.004458918236196041,1.0,0.0005531971692107618,1.0,0.0007806425564922392,0.9969969987869263,0.0067494758404791355,1.0,0.0007176547660492361,1.0,0.0005669383681379259,0.08506739139556885,0.0016971550649031997,0.0013021090999245644,0.17950496077537537,0.0719478577375412,0.0011004002299159765,0.0012509337393566966
72,0.00323098455555737,0.003252881346270442,1.0,0.0002857850049622357,1.0,0.00031925964867696166,1.0,0.0001235317176906392,1.0,0.0004319672007113695,1.0,0.000367041677236557,1.0,0.00018010905478149652,1.0,0.0003104619972873479,1.0,0.0003372828068677336,0.06745525449514389,0.0036866324953734875,0.003509205998852849,0.15071147680282593,0.06053829938173294,0.003293611342087388,0.0033891755156219006,0.0013903615763410926,0.0013962247176095843,1.0,0.00020924340060446411,1.0,0.00031904809293337166,0.9969969987869263,0.006406320724636316,1.0,0.0005640411982312799,1.0,0.0003600575728341937,0.9879879951477051,0.031219307333230972,1.0,0.00028817090787924826,1.0,0.00028873179689981043,0.08863352984189987,0.0017451196908950806,0.0016054315492510796,0.20590291917324066,0.068633072078228,0.0013658641837537289,0.001478414167650044
73,0.0032057303469628096,0.00323100876994431,1.0,0.00028999047935940325,1.0,0.00032172614010050893,1.0,0.0002077663957607001,1.0,0.00043185113463550806,1.0,0.0003724600828718394,1.0,0.00022511568386107683,1.0,0.0003226491098757833,1.0,0.0003397146938368678,0.06595052778720856,0.0036721343640238047,0.0034513168502599,0.14827486872673035,0.05964285880327225,0.0032439352944493294,0.0033660754561424255,0.0014342102222144604,0.0015445322496816516,1.0,0.00031367430347017944,1.0,0.001571563770994544,0.9729729890823364,0.1368592530488968,1.0,0.0010512288426980376,1.0,0.0003034797264263034,0.9969969987869263,0.008694581687450409,1.0,9.311404573963955e-05,1.0,0.0003587743267416954,0.0930907353758812,0.0018299175426363945,0.0017234287224709988,0.32168370485305786,0.06947466731071472,0.0018566969083622098,0.001483853324316442
74,0.0031111647840589285,0.0031819737050682306,1.0,0.00029026836273260415,1.0,0.0003162289212923497,1.0,8.69991781655699e-05,1.0,0.00044699665158987045,1.0,0.0003715398197527975,1.0,0.00040570940473116934,1.0,0.0003255548363085836,1.0,0.00033657372114248574,0.06463959068059921,0.0035611256025731564,0.0033381718676537275,0.14572983980178833,0.05892263725399971,0.003149300115182996,0.003245963016524911,0.0012917477870360017,0.0010197691153734922,1.0,0.0004178991657681763,1.0,0.0008349915151484311,0.9849849939346313,0.06256820261478424,1.0,0.0007583172409795225,1.0,0.0012409944320097566,0.9849849939346313,0.10272856056690216,1.0,0.001048518344759941,1.0,0.0006567929522134364,0.08764398097991943,0.0016880284529179335,0.0015173273859545588,0.333808958530426,0.06761309504508972,0.0013754211831837893,0.0014053499326109886
75,0.0031949386466294527,0.0033385001588612795,1.0,0.00029699262813664973,1.0,0.0003332675842102617,1.0,0.0003954950370825827,1.0,0.00045048975152894855,1.0,0.0004000066255684942,0.9984984993934631,0.00783033948391676,1.0,0.0003492335381451994,1.0,0.0003392633225303143,0.07138481736183167,0.003712225239723921,0.003488965332508087,0.16832411289215088,0.06611661612987518,0.003332892432808876,0.0033600670285522938,0.017076000571250916,0.053369395434856415,1.0,3.268904436026787e-08,1.0,1.2898240791126957e-15,0.7207207083702087,0.8690915107727051,1.0,3.9560412237737985e-12,1.0,8.09281027608355e-15,0.9579579830169678,0.41098979115486145,1.0,2.8125636369350437e-16,1.0,2.058116047379266e-12,0.1276102066040039,0.04709635302424431,0.0801376923918724,2.0290868282318115,0.23893767595291138,0.13383278250694275,0.050945356488227844
76,0.0032109799794852734,0.0033581687603145838,1.0,0.0002814664621837437,1.0,0.0003213761083316058,0.9992492198944092,0.0035582620184868574,1.0,0.00042854598723351955,1.0,0.00035849696723744273,0.9992492198944092,0.0027725358959287405,1.0,0.00032156737870536745,1.0,0.00033309904392808676,0.07853066176176071,0.0037316002417355776,0.0035311791580170393,0.17559871077537537,0.06808733195066452,0.0033711662981659174,0.0034022373147308826,0.002420783508569002,0.0054490044713020325,1.0,0.00010735543037299067,1.0,5.661300292558735e-06,0.9609609842300415,0.6750582456588745,1.0,0.00013090034190099686,1.0,1.9147892089677043e-06,0.9609609842300415,0.8050093650817871,1.0,3.525586862451746e-07,1.0,2.2043368517188355e-05,0.18486015498638153,0.002462151227518916,0.011193272657692432,1.8642088174819946,0.16537632048130035,0.008900999091565609,0.003210017690435052
77,0.003160908119753003,0.003264565020799637,1.0,0.0002641709870658815,1.0,0.00029763710335828364,1.0,0.00028402270982041955,1.0,0.0004059209313709289,1.0,0.00034622594830580056,1.0,0.00028642971301451325,1.0,0.00030001928098499775,1.0,0.00031058001331984997,0.07254941016435623,0.003648245008662343,0.0034363444428890944,0.15995188057422638,0.06478369235992432,0.0032888983841985464,0.0033247543033212423,0.0010702548315748572,0.0011944104917347431,1.0,0.00027063011657446623,1.0,0.0003050933009944856,0.9729729890823364,0.13938747346401215,1.0,0.00034911202965304255,1.0,0.00035014297463931143,0.9759759902954102,0.07445153594017029,1.0,0.0002512327628210187,1.0,0.0003233930910937488,0.0879027247428894,0.0016545862890779972,0.0013513934100046754,0.3836368918418884,0.07229030132293701,0.0012630594428628683,0.0012214980088174343
78,0.0031363849993795156,0.0032452158629894257,1.0,0.0002641942410264164,1.0,0.00030167208751663566,1.0,0.00013212126214057207,1.0,0.0004032368306070566,1.0,0.00034605234395712614,1.0,0.0001576209906488657,1.0,0.0002998343261424452,1.0,0.0003092385595664382,0.0713304951786995,0.0036074090749025345,0.003402095288038254,0.15608800947666168,0.06262971460819244,0.0032336879521608353,0.00328906811773777,0.0009346709121018648,0.0010298590641468763,1.0,0.0003847978659905493,1.0,0.0005565290339291096,0.9969969987869263,0.012046738527715206,1.0,0.00047450014972127974,1.0,0.0005660458700731397,0.9789789915084839,0.04704510420560837,1.0,0.0006006250623613596,1.0,0.0004063889791723341,0.08472014963626862,0.0015088135842233896,0.0011870621237903833,0.22320276498794556,0.06964629888534546,0.0009762397967278957,0.001118926447816193
79,0.00311649520881474,0.0032142421696335077,1.0,0.0002689454995561391,1.0,0.00029919546796008945,1.0,0.00020846720144618303,1.0,0.0004012139397673309,1.0,0.00034091659472323954,1.0,0.00016554152534808964,1.0,0.00029472418827936053,1.0,0.0003124327922705561,0.06923270970582962,0.0035782172344624996,0.0033844895660877228,0.152774840593338,0.061482254415750504,0.0032038476783782244,0.0032711357343941927,0.0009050777298398316,0.0008968106121756136,1.0,0.0003939082089345902,1.0,0.0007224304717965424,0.9969969987869263,0.010695915669202805,1.0,0.0006617712788283825,1.0,0.0007394952117465436,0.9759759902954102,0.06635367125272751,1.0,0.0008027307339943945,1.0,0.0004891358548775315,0.08882635086774826,0.0013551984447985888,0.0010665254667401314,0.24608398973941803,0.07025051862001419,0.0008802066440694034,0.0010442360071465373
80,0.003065927652642131,0.003145806025713682,1.0,0.00024492337252013385,1.0,0.00027923789457418025,1.0,0.00014760138583369553,1.0,0.0003763241693377495,1.0,0.0003228462883271277,1.0,0.00017996144015341997,1.0,0.0002809071447700262,1.0,0.00028921591001562774,0.0682598352432251,0.0035132081247866154,0.003316562157124281,0.15088918805122375,0.061103008687496185,0.003155254991725087,0.0032085462007671595,0.000834118400234729,0.0008136256947182119,1.0,0.00048089574556797743,1.0,0.0010692781070247293,0.9969969987869263,0.018743976950645447,1.0,0.0007375228451564908,1.0,0.0009923927718773484,0.9759759902954102,0.058283448219299316,1.0,0.0010230877669528127,1.0,0.0006467296625487506,0.09175895154476166,0.0012627288233488798,0.0009765090071596205,0.2530873417854309,0.07368581742048264,0.0008313246071338654,0.000946918036788702
81,0.003072312567383051,0.003155757440254092,1.0,0.00025639223167672753,1.0,0.00027665929519571364,1.0,0.00012695245095528662,1.0,0.0003814708034042269,1.0,0.00032454071333631873,1.0,0.0001970410958165303,1.0,0.00027918265550397336,1.0,0.0002974084345623851,0.06901837140321732,0.003517337841913104,0.0033283985685557127,0.1524096131324768,0.061797935515642166,0.0031528237741440535,0.003227000590413809,0.0009170114644803107,0.0007899258635006845,1.0,0.0003377617977093905,1.0,0.0010851201368495822,0.9969969987869263,0.01738465577363968,1.0,0.0008209505467675626,1.0,0.000988501007668674,0.9759759902954102,0.046731509268283844,1.0,0.0010163643164560199,1.0,0.0005752248107455671,0.09222687035799026,0.0012069540098309517,0.0009566381922923028,0.24057646095752716,0.07377175986766815,0.0008093603537417948,0.0009578600875101984
82,0.00301976315677166,0.003100333269685507,1.0,0.00023881133529357612,1.0,0.00026639699353836477,1.0,0.00011221567547181621,1.0,0.00036153782275505364,1.0,0.0003107359807472676,1.0,0.0001468129485147074,1.0,0.00026506109861657023,1.0,0.0002803509123623371,0.06772099435329437,0.0034596712794154882,0.0032672747038304806,0.1502951681613922,0.061485655605793,0.003102769609540701,0.003156775375828147,0.0008941557607613504,0.0008033675840124488,1.0,0.00037245446583256125,1.0,0.0008082483545877039,0.9969969987869263,0.019628094509243965,1.0,0.0006995214498601854,1.0,0.0007896110764704645,0.9759759902954102,0.1022835224866867,1.0,0.0007550159934908152,1.0,0.0004103294340893626,0.08912479132413864,0.0011819900246337056,0.0009852048242464662,0.2914279103279114,0.07083931565284729,0.0008344578673131764,0.0010178647935390472
83,0.0030160387977957726,0.003094661980867386,1.0,0.0002414675836917013,1.0,0.0002623226901050657,1.0,8.145509491441771e-05,1.0,0.0003531788242980838,1.0,0.00030603291816078126,1.0,0.00011735334555851296,1.0,0.00026461706147529185,1.0,0.0002766781544778496,0.06614377349615097,0.0034362750593572855,0.003261909354478121,0.14804533123970032,0.06094173714518547,0.003095883410423994,0.0031519168987870216,0.0008236286812461913,0.0008467266452498734,1.0,0.0003864596365019679,1.0,0.0006573580321855843,0.9969969987869263,0.023160815238952637,1.0,0.0006290357559919357,1.0,0.0007133612525649369,0.9819819927215576,0.0395461767911911,1.0,0.0006781323463656008,1.0,0.0004847815725952387,0.08034689724445343,0.001197634031996131,0.0009681337978690863,0.21783217787742615,0.06562149524688721,0.0008280804613605142,0.0009434717358089983
84,0.0029622490983456373,0.003027061466127634,1.0,0.000245608709519729,1.0,0.00026144477305933833,1.0,0.0001268682099180296,1.0,0.0003606780956033617,1.0,0.00030533946119248867,1.0,0.0002569168573245406,1.0,0.00026167056057602167,1.0,0.0002819624205585569,0.06588523089885712,0.003373572137206793,0.003213790012523532,0.14614297449588776,0.05945999547839165,0.0030235745944082737,0.003097009379416704,0.0007996311178430915,0.0007445215014740825,1.0,0.00039432692574337125,1.0,0.0008340849308297038,0.9969969987869263,0.014244049787521362,1.0,0.0006682085222564638,1.0,0.0008730593835934997,0.9789789915084839,0.058942366391420364,1.0,0.0008461495744995773,1.0,0.0005293244612403214,0.0824708566069603,0.001176360179670155,0.0008813494350761175,0.22938311100006104,0.06433197110891342,0.0007543013198301196,0.0008925872389227152
85,0.0029536825604736805,0.0030219596810638905,1.0,0.00022437605366576463,1.0,0.0002504982694517821,1.0,0.00012906051415484399,1.0,0.0003453149111010134,1.0,0.00029173068469390273,1.0,0.00012773508206009865,1.0,0.00024669719277881086,1.0,0.0002633792464621365,0.06589281558990479,0.0033581629395484924,0.003192367497831583,0.14674371480941772,0.0603247731924057,0.0030283560045063496,0.003092800499871373,0.0009035819675773382,0.0008639807929284871,1.0,0.0002652522234711796,1.0,0.00046556012239307165,0.9969969987869263,0.020491786301136017,1.0,0.0004014542791992426,1.0,0.0005424872506409883,0.9759759902954102,0.1522364318370819,1.0,0.0005807830602861941,1.0,0.0003505855274852365,0.0897793099284172,0.0012937941355630755,0.0010189623571932316,0.344234436750412,0.07322458922863007,0.0008281630580313504,0.0009876509429886937
86,0.0028953792061656713,0.002960443263873458,1.0,0.00022070751583669335,1.0,0.0002404683909844607,1.0,8.295432780869305e-05,1.0,0.00032886461121961474,1.0,0.0002834584447555244,1.0,0.00015665862883906811,1.0,0.00024308246793225408,1.0,0.00025815170374698937,0.06545977294445038,0.003300802782177925,0.003146669827401638,0.14460138976573944,0.059021998196840286,0.002966742729768157,0.003035233123227954,0.0007436082814820111,0.0006331867189146578,1.0,0.00044269292266108096,1.0,0.0012787034502252936,0.9969969987869263,0.02354160137474537,1.0,0.0008154461975209415,1.0,0.0011875135824084282,0.9759759902954102,0.06436765193939209,1.0,0.001141836866736412,1.0,0.0006430264329537749,0.0948987603187561,0.001168263959698379,0.0008001107489690185,0.2681736648082733,0.07496798038482666,0.0007275503012351692,0.0008157693664543331
87,0.002884367248043418,0.0029484741389751434,1.0,0.00022237577650230378,1.0,0.00024052412481978536,1.0,7.39157767384313e-05,1.0,0.00032904313411563635,1.0,0.00028274310170672834,1.0,0.0001535008050268516,1.0,0.0002434089983580634,1.0,0.00025978227495215833,0.06591510772705078,0.003283916972577572,0.0031355253886431456,0.14500679075717926,0.05907607823610306,0.0029403497464954853,0.003017679788172245,0.0007422281196340919,0.0006996990414336324,1.0,0.00042869176832027733,1.0,0.0007869393448345363,0.9969969987869263,0.025938311591744423,1.0,0.0005937396781519055,1.0,0.0010444631334394217,0.9729729890823364,0.1637488305568695,1.0,0.0008009332814253867,1.0,0.0005206387140788138,0.08571043610572815,0.001182730309665203,0.0008204940240830183,0.35494405031204224,0.07034944742918015,0.0007277429685927927,0.0008487631566822529
88,0.002884283196181059,0.0029724205378443003,1.0,0.0002155407128157094,1.0,0.00023454707115888596,1.0,0.0008210496744140983,1.0,0.0003416500403545797,1.0,0.0002862852707039565,0.9992492198944092,0.006659309379756451,1.0,0.0002290572738274932,1.0,0.00025859189918264747,0.06870405375957489,0.003286144696176052,0.0031696083024144173,0.15622012317180634,0.0601513534784317,0.002969758352264762,0.0030364932026714087,0.0009129942627623677,0.0010264773154631257,1.0,0.00023041768872644752,1.0,0.0005932845524512231,0.9729729890823364,0.0918876975774765,1.0,0.0003539403551258147,1.0,0.0011913038324564695,0.912912905216217,0.24890480935573578,1.0,0.0013374965637922287,1.0,0.0004035862802993506,0.10184784978628159,0.0014371348079293966,0.0008297754102386534,0.5425688028335571,0.08998307585716248,0.0006858620326966047,0.0009430954814888537
89,0.0031436975114047527,0.0032602057326585054,1.0,0.0002484286960680038,1.0,0.00029738081502728164,0.9992492198944092,0.0033642640337347984,1.0,0.0003442582965362817,1.0,0.0003430260985624045,0.9984984993934631,0.00573352538049221,1.0,0.00031341981957666576,1.0,0.0002876013168133795,0.08249174803495407,0.0036327417474240065,0.003414429957047105,0.1892293393611908,0.07586947083473206,0.003260252298787236,0.003224895568564534,0.0008453379268757999,0.0011996199609711766,1.0,0.0004167962179053575,1.0,0.0004074504249729216,0.9459459185600281,0.1866345852613449,1.0,0.0005426618736237288,1.0,0.0004915435565635562,0.9639639854431152,0.22792387008666992,1.0,0.0003614312154240906,1.0,0.0001957297936314717,0.11001652479171753,0.0014810316497460008,0.0013949841959401965,0.6249386668205261,0.08940482139587402,0.0011481716064736247,0.002474030712619424
90,0.003027387661859393,0.003175509860739112,1.0,0.00022130862635094672,1.0,0.0002375369076617062,0.9992492198944092,0.004224951379001141,1.0,0.000347588473232463,1.0,0.00030706412508152425,1.0,0.0008377275080420077,1.0,0.00024116021813824773,1.0,0.0002856276114471257,0.0807560384273529,0.003467301372438669,0.003358338726684451,0.18031764030456543,0.07343795895576477,0.003196671837940812,0.0031954594887793064,0.0008752807625569403,0.001124224509112537,1.0,0.016727957874536514,1.0,0.01566903293132782,0.9969969987869263,0.009529244154691696,1.0,0.016962632536888123,1.0,0.018573660403490067,0.9609609842300415,0.2881132960319519,1.0,0.01872633956372738,1.0,0.017736827954649925,0.17291945219039917,0.0016843057237565517,0.0009952991968020797,0.8102233409881592,0.22887097299098969,0.0006037044222466648,0.0011111835483461618
91,0.0029800811316818,0.003105737501755357,1.0,0.00021938409190624952,1.0,0.0002545531024225056,1.0,0.00011677431757561862,1.0,0.00033682488719932735,1.0,0.00030355362105183303,1.0,0.0005274561117403209,1.0,0.00027221880736760795,1.0,0.0002494275395292789,0.07818521559238434,0.0033897554967552423,0.0032457327470183372,0.16638921201229095,0.06697968393564224,0.0031127375550568104,0.003110055811703205,0.0007970561273396015,0.0008083846769295633,1.0,0.002531245583668351,1.0,0.004690760280936956,0.9909909963607788,0.04547366127371788,1.0,0.004806020297110081,1.0,0.0045216879807412624,0.9969969987869263,0.018926894292235374,1.0,0.00384783954359591,1.0,0.0037759453989565372,0.10843971371650696,0.0011272892588749528,0.0009649655548855662,0.2812408208847046,0.0787181630730629,0.0008774706511758268,0.0009337200317531824
92,0.0029359532054513693,0.003030670341104269,1.0,0.000207277262234129,1.0,0.0002355708711547777,1.0,0.00014876690693199635,1.0,0.00031708701862953603,1.0,0.0002841264649759978,0.9992492198944092,0.0016130078583955765,1.0,0.0002445981663186103,1.0,0.000248297379584983,0.07551079243421555,0.0033112349919974804,0.0031697910744696856,0.16565687954425812,0.06830935925245285,0.0030430867336690426,0.0030472693033516407,0.0007630473701283336,0.0008317261817865074,1.0,0.00023619721469003707,1.0,0.0003647026314865798,0.966966986656189,0.044343408197164536,1.0,0.00042455256334505975,1.0,0.00037039065500721335,0.9639639854431152,0.09896908700466156,1.0,0.00036444186116568744,1.0,0.00025687148445285857,0.09315758943557739,0.0011187683558091521,0.0010054534068331122,0.3218248784542084,0.07784707844257355,0.0008480988908559084,0.0009234915487468243
93,0.002864870708435774,0.002969564637169242,1.0,0.00020285903883632272,1.0,0.00022383983014151454,1.0,0.00015561933105345815,1.0,0.000307208567392081,1.0,0.00027330260490998626,1.0,0.00020906257850583643,1.0,0.00023251638049259782,1.0,0.00024077216221485287,0.07178696990013123,0.003240142250433564,0.003102491842582822,0.1561482548713684,0.06436438113451004,0.0029747968073934317,0.002999862190335989,0.0007864812505431473,0.0007669149781577289,1.0,0.0001971566816791892,1.0,0.00048251464613713324,0.9969969987869263,0.020496569573879242,1.0,0.0004299828433431685,1.0,0.0003261672973167151,0.966966986656189,0.061607927083969116,1.0,0.0002924441359937191,1.0,0.00017151511565316468,0.09389635175466537,0.00110813626088202,0.001014399342238903,0.26172399520874023,0.0782792717218399,0.0008668731898069382,0.001001286436803639
94,0.002855501836165786,0.0029508539009839296,1.0,0.00019791151862591505,1.0,0.0002189968799939379,1.0,9.97329771053046e-05,1.0,0.0002993060334119946,1.0,0.0002659062447492033,1.0,0.0002856390201486647,1.0,0.00022436324798036367,1.0,0.00023260974558070302,0.07083284854888916,0.0032268164213746786,0.0030889350455254316,0.1535147875547409,0.06280090659856796,0.0029542064294219017,0.0029802636709064245,0.0006994112627580762,0.0006604866939596832,1.0,0.0002721399941947311,1.0,0.0006584341754205525,0.9969969987869263,0.02028130367398262,1.0,0.0005796452169306576,1.0,0.0004606007132679224,0.9639639854431152,0.09684564173221588,1.0,0.00043701709364540875,1.0,0.00024851399939507246,0.09485162049531937,0.0009880110155791044,0.0008778167539276183,0.29935672879219055,0.07988201826810837,0.0007359667215496302,0.0008781180949881673
95,0.0028679443057626486,0.0029506997670978308,1.0,0.00018458957492839545,1.0,0.0002077862445730716,1.0,5.9392459661467e-05,1.0,0.00028833444230258465,1.0,0.0002509639598429203,1.0,0.00018707980052568018,1.0,0.00021303317043930292,1.0,0.00021699887292925268,0.07020935416221619,0.0032248252537101507,0.003100760281085968,0.152489572763443,0.06257238984107971,0.0029658949933946133,0.002989525208249688,0.0005778611521236598,0.0005310184205882251,1.0,0.0004807247605640441,1.0,0.0011197382118552923,0.9969969987869263,0.02024075575172901,1.0,0.0009744790149852633,1.0,0.0009220929932780564,0.9639639854431152,0.1003277525305748,1.0,0.0007206847076304257,1.0,0.000508334836922586,0.0943092554807663,0.000805674702860415,0.0006865979521535337,0.30184701085090637,0.07833635807037354,0.0006079792510718107,0.0006976790609769523
96,0.002823448507115245,0.002893641823902726,1.0,0.00019128255371470004,1.0,0.00020694415434263647,1.0,5.228955706115812e-05,1.0,0.000286283902823925,1.0,0.00025301362620666623,1.0,0.0001773409021552652,1.0,0.0002144538884749636,1.0,0.000222633098019287,0.06783045083284378,0.0031710003968328238,0.0030355772469192743,0.14927947521209717,0.06208230182528496,0.0029009473510086536,0.002937883138656616,0.0006567260716110468,0.0005996756372042,1.0,0.0002759234339464456,1.0,0.0006348683382384479,0.9969969987869263,0.020335933193564415,1.0,0.0005312015418894589,1.0,0.0005031588370911777,0.9759759902954102,0.07198244333267212,1.0,0.00044957775389775634,1.0,0.00033593340776860714,0.09124387800693512,0.0009226215770468116,0.0007880263146944344,0.26376017928123474,0.07307258993387222,0.0006688663852401078,0.0007587592699564993
97,0.002824628259986639,0.0028771169018000364,1.0,0.0001830157416407019,1.0,0.0001993581827264279,1.0,4.359382364782505e-05,1.0,0.00027538149151951075,1.0,0.00024053921515587717,1.0,0.0002258362073916942,1.0,0.00020619967835955322,1.0,0.00021428873878903687,0.0687728077173233,0.003148065647110343,0.0030243396759033203,0.14982721209526062,0.061773866415023804,0.0028846971690654755,0.0029334607534110546,0.0005922674899920821,0.0005469285533763468,1.0,0.0003687833668664098,1.0,0.0008582078735344112,0.9969969987869263,0.02693849802017212,1.0,0.0007414928986690938,1.0,0.0006696390337310731,0.9639639854431152,0.15518109500408173,1.0,0.0005698864697478712,1.0,0.00042295712046325207,0.09564435482025146,0.0008258499437943101,0.0007094111060723662,0.36063823103904724,0.0752648413181305,0.0006088832160457969,0.0006951393443159759
98,0.0027687447145581245,0.0028378774877637625,1.0,0.0001827972155297175,1.0,0.00019692457863129675,1.0,4.1359704482601956e-05,1.0,0.00026960481773130596,1.0,0.000235423183767125,1.0,0.00012266662088222802,1.0,0.00020473588665481657,1.0,0.0002134786918759346,0.06760373711585999,0.003112516598775983,0.002977896248921752,0.1478279083967209,0.06133443862199783,0.002839004620909691,0.002886673668399453,0.0005396738997660577,0.0005032320623286068,1.0,0.0004937173798680305,1.0,0.0009646627004258335,0.9969969987869263,0.02761971764266491,1.0,0.0009845183230936527,1.0,0.0010774488328024745,0.9609609842300415,0.22643104195594788,1.0,0.0008544955053366721,1.0,0.0006255077896639705,0.09996220469474792,0.0007368100341409445,0.0006019258871674538,0.4491761028766632,0.086643286049366,0.0005203842301853001,0.0006174415466375649
99,0.002794089028611779,0.002840914996340871,1.0,0.00017460048547945917,1.0,0.00018937986169476062,1.0,3.677475615404546e-05,1.0,0.0002652755647432059,1.0,0.00023183900339063257,1.0,0.00014774985902477056,1.0,0.00019404265913181007,1.0,0.00020418965141288936,0.06713730841875076,0.0031011616811156273,0.0029758659657090902,0.14736950397491455,0.061339255422353745,0.002838162472471595,0.0028988916892558336,0.000541931833140552,0.00048103579320013523,1.0,0.0004216726520098746,1.0,0.0009859225247055292,0.9969969987869263,0.018357262015342712,1.0,0.0007440379122272134,1.0,0.0008454087655991316,0.9759759902954102,0.13638615608215332,1.0,0.0006800713599659503,1.0,0.0005373797030188143,0.08878351747989655,0.0007697846740484238,0.0006236989866010845,0.32242822647094727,0.07110956311225891,0.0005408490542322397,0.0006199565250426531
