epoch,bonangbarung_separation_loss,bonangpenerus_separation_loss,class_bonangbarung_acc,class_bonangbarung_loss,class_bonangpenerus_acc,class_bonangpenerus_loss,class_demung_acc,class_demung_loss,class_gong_acc,class_gong_loss,class_kendhang_acc,class_kendhang_loss,class_peking_acc,class_peking_loss,class_saron_acc,class_saron_loss,class_slenthem_acc,class_slenthem_loss,demung_separation_loss,gong_separation_loss,kendhang_separation_loss,loss,peking_separation_loss,saron_separation_loss,slenthem_separation_loss,val_bonangbarung_separation_loss,val_bonangpenerus_separation_loss,val_class_bonangbarung_acc,val_class_bonangbarung_loss,val_class_bonangpenerus_acc,val_class_bonangpenerus_loss,val_class_demung_acc,val_class_demung_loss,val_class_gong_acc,val_class_gong_loss,val_class_kendhang_acc,val_class_kendhang_loss,val_class_peking_acc,val_class_peking_loss,val_class_saron_acc,val_class_saron_loss,val_class_slenthem_acc,val_class_slenthem_loss,val_demung_separation_loss,val_gong_separation_loss,val_kendhang_separation_loss,val_loss,val_peking_separation_loss,val_saron_separation_loss,val_slenthem_separation_loss
0,0.3843039,0.38836923,1.0,0.00648656,0.9849737,0.029226463,0.98797894,0.037953973,1.0,0.009199648,0.99849737,0.013789933,0.99774605,0.031593725,1.0,0.0080516385,0.9849737,0.03113491,0.28860506,0.35024312,0.35854274,2.9370398510675697,0.22859351,0.38579807,0.37866724,0.20898242,0.19183423,1.0,0.0034123308,1.0,0.017918745,1.0,0.00065593276,1.0,0.0014790492,1.0,0.005141614,1.0,0.0002489629,1.0,0.0040909457,1.0,0.0048564775,0.27124643,0.25614917,0.23484114,1.9355933938298497,0.2415937,0.24329107,0.25110984
1,0.19503365,0.20439656,1.0,0.0058925613,1.0,0.008223213,0.99774605,0.04317089,1.0,0.00598646,1.0,0.005943155,0.99774605,0.029674154,1.0,0.0057122787,1.0,0.011923485,0.24628901,0.18511148,0.1738879,1.7393292931127513,0.21686672,0.18052077,0.21842818,0.03583374,0.05699622,1.0,0.15989506,1.0,0.19081695,1.0,0.009028256,1.0,0.08196685,1.0,0.0733599,1.0,0.0028222827,1.0,0.11823761,1.0,0.14437178,0.25344074,0.063381225,0.08565432,1.6476445165840354,0.24191786,0.06312296,0.06397074
2,0.1253061,0.13602,1.0,0.003846197,1.0,0.008170263,0.99774605,0.040521905,1.0,0.006834263,1.0,0.00492406,0.99774605,0.030204667,1.0,0.0041906517,1.0,0.010905792,0.23129998,0.119198404,0.1194623,1.324074478188822,0.21088766,0.1167709,0.15390977,0.016926989,0.030977976,1.0,0.19933046,1.0,0.23786113,1.0,0.009944813,1.0,0.24741907,1.0,0.15544671,1.0,0.004949045,1.0,0.1150803,1.0,5.030221e-06,0.252158,0.01771497,0.041190792,2.33439966866204,0.24895416,0.046114985,0.7107315
3,0.07766024,0.094038114,1.0,0.0027903127,1.0,0.007519116,0.99774605,0.016725164,1.0,0.0059463987,1.0,0.0042106663,0.99774605,0.016026434,1.0,0.0038132267,1.0,0.010948311,0.2294078,0.07899248,0.085325025,1.0270398417690658,0.21242821,0.08041586,0.10001888,0.017349938,0.026558476,1.0,0.07039224,1.0,0.13207853,1.0,0.0038898075,1.0,0.11127069,1.0,0.08137383,1.0,0.00015854373,1.0,0.08446586,1.0,0.1398568,0.25416857,0.01918818,0.032085642,1.2668657012887903,0.24152587,0.028412953,0.022997508
4,0.048216235,0.06264695,1.0,0.001954376,1.0,0.0062702997,0.99774605,0.021688389,1.0,0.004442754,1.0,0.003535174,0.99774605,0.02302243,1.0,0.002969216,1.0,0.0110547235,0.22656234,0.052170172,0.06144049,0.8560484406824491,0.20697632,0.057765078,0.06482728,0.54588103,0.5547667,1.0,0.0003890422,1.0,0.0013092954,1.0,0.00011937752,1.0,0.00077140285,1.0,0.0008335604,1.0,0.028403914,1.0,0.00065821083,1.0,0.00247175,0.42637685,0.5415439,0.55578846,4.0628014391249,0.28779578,0.55501866,0.5436851
5,0.034051657,0.045344897,1.0,0.0014460603,1.0,0.0060320403,0.99774605,0.017238038,1.0,0.0034508049,1.0,0.00334099,0.99774605,0.021441886,1.0,0.0027897193,1.0,0.00864094,0.2304857,0.0364725,0.04644572,0.760770177948663,0.21330784,0.043979842,0.045182005,0.052110396,0.09286356,1.0,0.0015106606,1.0,0.0105181895,1.0,0.00232637,1.0,0.0044074897,1.0,0.0070813275,1.0,0.012171126,1.0,0.0065512243,1.0,0.01654373,0.24996392,0.038859006,0.09514752,0.9329346472078616,0.25345543,0.065448515,0.02632305
6,0.02695403,0.035927076,1.0,0.0010236682,1.0,0.0049943104,0.99774605,0.018377699,1.0,0.0024007517,1.0,0.0029517286,0.99774605,0.024899196,1.0,0.0023907267,1.0,0.0065942383,0.2265368,0.02835598,0.036787823,0.695755039812657,0.20878904,0.035175882,0.033079688,0.16785905,0.16520897,1.0,0.00052113476,1.0,0.005023402,1.0,0.0076920977,1.0,0.0009442379,1.0,0.0055739437,1.0,0.011252277,1.0,0.0062186304,1.0,0.0067563346,0.26005602,0.18111971,0.15286052,1.4243659443325467,0.23796502,0.13467734,0.08270672
7,0.021969877,0.028280279,1.0,0.00093597476,1.0,0.0046241567,0.99774605,0.016286442,1.0,0.002053215,1.0,0.0029075472,0.99774605,0.020659447,1.0,0.0023495,1.0,0.005611962,0.22359459,0.022809986,0.028958853,0.6443911431249508,0.2090894,0.027775092,0.025938082,0.012958835,0.015242496,1.0,0.0013349323,1.0,0.008747827,1.0,0.001441562,1.0,0.0032316775,1.0,0.005658499,1.0,0.003861409,1.0,0.00575508,1.0,0.009287119,0.24431215,0.0132244555,0.015111918,0.6009925196657667,0.22939993,0.015140086,0.01391996
8,0.017986566,0.022577757,1.0,0.000944777,1.0,0.0041280366,0.99774605,0.0144029455,1.0,0.0020704046,1.0,0.002433459,0.99774605,0.020544881,1.0,0.0019906035,1.0,0.0051141335,0.22025828,0.018751828,0.022838458,0.6054205909696044,0.20787981,0.022057587,0.021137318,0.012984481,0.014559113,1.0,0.00058547716,1.0,0.004319985,1.0,0.0013014214,1.0,0.0015205191,1.0,0.0023449743,1.0,0.0016189953,1.0,0.002130323,1.0,0.0049746074,0.24336058,0.0133088445,0.0145409005,0.5789567835338123,0.23004249,0.014504826,0.01418558
9,0.019418586,0.02288022,1.0,0.0006673621,1.0,0.002781685,0.99774605,0.014647139,1.0,0.0014284373,1.0,0.0014862319,0.99774605,0.021187985,1.0,0.0012012038,1.0,0.0036456787,0.2189352,0.020326497,0.02313442,0.6008180641393568,0.20584406,0.022122953,0.021083003,0.9614662,0.9634,1.0,4.0002374e-27,1.0,4.1199963e-20,1.0,0.010406886,1.0,1.362731e-27,1.0,8.0421e-21,1.0,0.00024304679,1.0,1.3276261e-06,1.0,4.1834468e-23,0.4131091,0.96179324,0.9592303,6.136281806785423,0.48004946,0.42927238,0.959568
10,0.017296175,0.021214599,1.0,0.001450469,1.0,0.0030261825,0.99774605,0.014480048,1.0,0.0021647436,1.0,0.0019779436,0.99774605,0.019734861,1.0,0.0019653293,1.0,0.0051210374,0.2273666,0.01763297,0.021610236,0.6100087814273734,0.21526128,0.0208046,0.018559882,0.6060473,0.5454118,1.0,2.0667097e-11,1.0,6.13266e-08,1.0,0.012273276,1.0,2.744746e-11,1.0,4.84984e-07,1.0,0.01630255,1.0,8.882678e-06,1.0,9.359747e-06,0.30054677,0.6116508,0.4521689,3.331793922561783,0.26033655,0.24930242,0.27229694
11,0.013700911,0.016712347,1.0,0.0007173419,1.0,0.002215368,0.99774605,0.011773367,1.0,0.001395379,1.0,0.0012331766,0.99774605,0.025363673,1.0,0.0011741696,1.0,0.0034705643,0.22016698,0.014145285,0.01688407,0.569728383616699,0.2089975,0.01649086,0.015309883,0.010490544,0.021800296,1.0,0.0005356572,1.0,0.0015572932,1.0,0.002147539,1.0,0.0010752691,1.0,0.00081396906,1.0,0.0013317199,1.0,0.0006997479,1.0,0.0027509527,0.2592623,0.010788936,0.028121635,0.6041231090958054,0.22086187,0.02884045,0.011698759
12,0.012700369,0.015577918,1.0,0.00074879295,1.0,0.0020649778,0.99774605,0.012444395,1.0,0.0011866875,1.0,0.0012098212,0.99774605,0.025915554,1.0,0.0010204804,1.0,0.00252279,0.2125303,0.013212743,0.015711332,0.5520379443664823,0.20459147,0.0154565945,0.014687105,0.009094221,0.011984835,1.0,0.0008661216,1.0,0.001868668,1.0,0.017236488,1.0,0.0014763434,1.0,0.001107181,1.0,0.008106398,1.0,0.000873203,1.0,0.0036271168,0.2471104,0.00913733,0.012024365,0.5773522656959098,0.23065417,0.01241749,0.010208791
13,0.011925498,0.014546008,1.0,0.00076016324,1.0,0.0021143833,0.99849737,0.0055634226,1.0,0.0011462255,1.0,0.0013364177,0.99774605,0.021628909,1.0,0.0009880222,1.0,0.0022256984,0.21149945,0.0122376215,0.014709814,0.5348532752467671,0.20500165,0.014463068,0.013995673,0.008415131,0.01091606,1.0,0.0009135238,1.0,0.0021087346,1.0,0.016528752,1.0,0.0012663801,1.0,0.0014715226,1.0,0.012884003,1.0,0.0010008971,1.0,0.0028539312,0.24669218,0.008783676,0.010891968,0.5736920362836248,0.22765383,0.011078416,0.009920196
14,0.011424293,0.014066804,1.0,0.00065063353,1.0,0.0016541195,1.0,0.002412326,1.0,0.00097545347,1.0,0.0010617417,0.99774605,0.019229291,1.0,0.00074155245,1.0,0.0019132282,0.21012811,0.01177871,0.014202901,0.522397196892954,0.20461242,0.014019425,0.013522049,0.008878149,0.01095553,1.0,0.00037193616,1.0,0.0014819659,0.993994,0.021333383,1.0,0.0006601416,1.0,0.0076941215,1.0,0.0038824796,1.0,0.010127315,1.0,0.011932205,0.23782963,0.009154454,0.01078237,0.5758283295788923,0.21998249,0.010859392,0.010274599
15,0.010968849,0.013405455,1.0,0.0006238507,1.0,0.0015702232,0.99849737,0.005524041,1.0,0.0010260483,1.0,0.0013322899,0.99774605,0.016254628,1.0,0.0010200895,1.0,0.0022099821,0.20733322,0.0112920925,0.01354971,0.5153248280533089,0.20267911,0.013349841,0.012506384,0.008521848,0.010183305,1.0,0.00037591904,1.0,0.0015935805,0.990991,0.013887551,1.0,0.00061026204,1.0,0.0011289396,1.0,0.0007571261,1.0,0.00077214465,1.0,0.0017898208,0.23932149,0.008820109,0.010274919,0.5319212682254322,0.2149606,0.010226741,0.009816186
16,0.011378178,0.013731825,1.0,0.0006374384,1.0,0.001426923,0.99849737,0.006630512,1.0,0.0009547703,1.0,0.001072443,0.99774605,0.028571382,1.0,0.0006487255,1.0,0.0023005472,0.21195485,0.0118375,0.013923166,0.5334438200197571,0.20258886,0.01357493,0.012461574,0.009748786,0.011680278,1.0,0.00019407705,1.0,0.00089736865,0.975976,0.029186046,1.0,0.00021636611,1.0,0.0005661776,1.0,0.0027786281,1.0,0.00032835692,1.0,0.0013084557,0.26097605,0.010493399,0.011592614,0.5884872859304732,0.2261187,0.011637875,0.010561886
17,0.009941804,0.012169488,1.0,0.0006616181,1.0,0.0016025774,0.9992487,0.0019379358,1.0,0.0010764701,1.0,0.0011220572,0.99774605,0.01906732,1.0,0.00090283307,1.0,0.0023645046,0.2090716,0.010372688,0.012473318,0.5071176010177693,0.20096706,0.012132528,0.011151537,0.008197075,0.010302656,1.0,0.00032129162,1.0,0.0010006042,0.96997,0.077905685,1.0,0.0004968085,1.0,0.0006648463,1.0,0.012830275,1.0,0.00046966822,1.0,0.0015044985,0.24161877,0.00880058,0.010216375,0.6052237695401853,0.21650745,0.010272905,0.009117535
18,0.009326747,0.011250107,1.0,0.0006984744,1.0,0.0017588877,1.0,0.0013339362,1.0,0.0011267317,1.0,0.001314226,0.99774605,0.014948135,1.0,0.0010175285,1.0,0.0021568693,0.20623909,0.00968723,0.011505207,0.497179648600334,0.20390959,0.011247138,0.010670852,0.007175656,0.00849451,1.0,0.00042438853,1.0,0.0017144969,0.975976,0.036267843,1.0,0.00043124217,1.0,0.0014628741,1.0,0.0034337896,1.0,0.0009967485,1.0,0.0020491027,0.24180283,0.008059468,0.008446533,0.5531571194216296,0.21647416,0.0084968,0.007955655
19,0.009006913,0.010849914,1.0,0.0006094771,1.0,0.0014776634,1.0,0.0010583356,1.0,0.00089490385,1.0,0.0011661616,0.99774605,0.012330502,1.0,0.0008222787,1.0,0.0017957948,0.2042829,0.009531462,0.010963422,0.4859179718703994,0.20001556,0.010842629,0.010415721,0.006389595,0.008615234,1.0,0.00093208766,1.0,0.0012671705,1.0,0.010323189,1.0,0.0014286354,1.0,0.0009816547,1.0,0.0020773988,1.0,0.00068483676,1.0,0.0019492569,0.23814446,0.006823026,0.0085830605,0.5216576124096776,0.21533526,0.008629854,0.007866066
20,0.008770146,0.010725841,1.0,0.00053113373,1.0,0.0011858954,1.0,0.0019410257,1.0,0.00080899266,1.0,0.00085073494,0.99849737,0.011642496,1.0,0.0006126046,1.0,0.0016176901,0.20242102,0.009243076,0.010872294,0.4824875959053154,0.20018215,0.0107668815,0.010155683,0.005665595,0.008334104,1.0,0.0020314713,1.0,0.001294569,0.96997,0.15784086,1.0,0.002306115,1.0,0.0012257886,1.0,9.754065e-05,1.0,0.0006066046,1.0,0.0025901317,0.25695908,0.00630257,0.008291523,0.7068932761659136,0.23400286,0.008279718,0.007598083
21,0.008563944,0.010567561,1.0,0.0004867044,1.0,0.0010416021,1.0,0.00094192865,1.0,0.0007511219,1.0,0.0007142227,0.99774605,0.009160926,1.0,0.00052371435,1.0,0.0015479099,0.20256919,0.009085812,0.010700261,0.4782204568654769,0.20104256,0.010623318,0.009942994,0.0052968203,0.0068932683,1.0,0.0030908405,1.0,0.004668523,1.0,0.0071746646,1.0,0.0030360878,1.0,0.0039052388,1.0,0.009958424,1.0,0.0024513118,1.0,0.0054688253,0.24488755,0.005892306,0.00686815,0.5582405758333636,0.2354138,0.007015402,0.0063452995
22,0.008934335,0.010467744,1.0,0.00067782804,1.0,0.0014213494,0.99849737,0.005386115,1.0,0.00071477884,1.0,0.0010794487,0.99849737,0.011974895,1.0,0.00087392004,1.0,0.0017577899,0.21348536,0.00947215,0.010542082,0.5041396340689741,0.20656238,0.010504585,0.009965767,0.006545018,0.0074172816,1.0,0.0002220506,1.0,0.0012993286,1.0,0.0014146394,1.0,0.00036719354,1.0,0.0013600562,1.0,0.0024449544,1.0,0.00077179424,1.0,0.0015374597,0.25008953,0.0071941256,0.007115088,0.5533389205689186,0.2503398,0.0073179146,0.007168528
23,0.008008543,0.009779115,1.0,0.00058450276,1.0,0.0013414287,1.0,0.00095947675,1.0,0.0010324356,1.0,0.00086618727,0.99774605,0.015698563,1.0,0.00057818176,1.0,0.0014409894,0.20087948,0.0084529715,0.009852058,0.481786292558501,0.20187299,0.009840499,0.009473228,0.004767645,0.0060550575,1.0,0.0020021591,1.0,0.004585292,1.0,0.0027838033,1.0,0.002372639,1.0,0.0023679724,1.0,0.004695915,1.0,0.0017330862,1.0,0.0033956498,0.24041067,0.005365637,0.0062265457,0.5202114309992518,0.2226176,0.006250444,0.0059973877
24,0.0076491237,0.009653702,1.0,0.00059168483,1.0,0.0011073765,1.0,0.00055509905,1.0,0.0008532405,1.0,0.0006727141,0.99849737,0.0036237394,1.0,0.00048261415,1.0,0.001344541,0.19767453,0.0082920855,0.009696288,0.459462344601672,0.19834365,0.009669594,0.009210497,0.0053032353,0.00690918,1.0,0.00095459755,1.0,0.0017631692,0.981982,0.020690024,1.0,0.0010898487,1.0,0.0011445942,1.0,0.0066103362,1.0,0.00084663695,1.0,0.0017155404,0.23289429,0.006013892,0.0068294373,0.5232477293716179,0.21605113,0.006804708,0.0065698866
25,0.0073899343,0.0091644,1.0,0.0005739936,1.0,0.0012771286,1.0,0.0005473275,1.0,0.0006930386,1.0,0.0007918617,0.99849737,0.003380674,1.0,0.0005710718,1.0,0.0014493623,0.19727771,0.00819791,0.009257159,0.4555147979422497,0.19691128,0.009210936,0.008791212,0.005357875,0.007178148,1.0,0.000773159,1.0,0.0012253866,0.978979,0.024935652,1.0,0.0007618833,1.0,0.00086498645,0.996997,0.017062511,1.0,0.00057054864,1.0,0.0014289464,0.24106763,0.00625637,0.0070249317,0.546824365406781,0.21911015,0.0069613243,0.006620815
26,0.007332709,0.009112191,1.0,0.00043158085,1.0,0.001010716,1.0,0.00043862592,1.0,0.0006319553,1.0,0.0006355722,1.0,0.0014680462,1.0,0.00045228435,1.0,0.0012134766,0.19309072,0.008098509,0.009161998,0.4454991338308551,0.19504428,0.0091440575,0.008727627,0.006212013,0.007801784,1.0,0.00032458265,1.0,0.0008624616,0.972973,0.034766458,1.0,0.00046189147,1.0,0.0005824758,1.0,0.0035019757,1.0,0.0004290361,1.0,0.0023742234,0.23451833,0.006953119,0.0075254617,0.5299177663820284,0.21070008,0.0074653653,0.0069639976
27,0.0070798723,0.008796968,1.0,0.0005034204,1.0,0.0010358759,1.0,0.0004796523,1.0,0.00068768364,1.0,0.000693745,0.9992487,0.002654109,1.0,0.00051393744,1.0,0.0010684492,0.1931338,0.0078386795,0.008858171,0.4446047744654248,0.19384404,0.008828353,0.008656455,0.005938608,0.0076003494,1.0,0.00056166435,1.0,0.0009862976,0.975976,0.040217742,1.0,0.00042091054,1.0,0.00070830854,1.0,0.0025277685,1.0,0.0005108603,1.0,0.0014185039,0.24180996,0.0070514954,0.0074118893,0.5438069772791934,0.21260417,0.0073519526,0.007145282
28,0.006894243,0.008649705,1.0,0.00047737366,1.0,0.00091224746,1.0,0.00041382702,1.0,0.00061134703,1.0,0.0006268068,1.0,0.0013814954,1.0,0.0004621089,1.0,0.00090287934,0.19172747,0.0076926616,0.008685957,0.4403773504123931,0.19317931,0.008665256,0.008630158,0.0057258513,0.0073972563,1.0,0.00043382295,1.0,0.0008016376,0.96997,0.089095995,1.0,0.0006003585,1.0,0.00061905815,1.0,0.00041277148,1.0,0.0004881071,1.0,0.0027946192,0.23540598,0.0065583233,0.0069696307,0.5754583608638775,0.21047421,0.006920359,0.006778081
29,0.006834885,0.008630835,1.0,0.00038992753,1.0,0.00075802766,1.0,0.00040243415,1.0,0.0005770677,1.0,0.0005124139,0.9992487,0.0014073194,1.0,0.00037603988,1.0,0.00082586386,0.19119711,0.0075970497,0.00864706,0.43699090642914745,0.19180453,0.008634277,0.008573244,0.0048186844,0.006658882,1.0,0.00043434845,1.0,0.000712238,1.0,0.008722002,1.0,0.00052207836,1.0,0.0012218909,0.984985,0.019442672,1.0,0.0012078825,1.0,0.003139094,0.24739254,0.0057289656,0.006561738,0.535254930769717,0.22013259,0.0065729003,0.006137139
30,0.0068773795,0.008698295,1.0,0.00033144676,1.0,0.0006413625,1.0,0.00095487706,1.0,0.00058462477,1.0,0.00042425556,0.9992487,0.0014499811,1.0,0.00031148488,1.0,0.0007419153,0.1905486,0.007546021,0.008721941,0.4371766419584459,0.19183974,0.00870137,0.008614022,0.004917692,0.007055094,1.0,0.0007206588,1.0,0.0005918642,0.984985,0.022144428,1.0,0.0011654329,1.0,0.00038952345,0.978979,0.042784378,1.0,0.00028792932,1.0,0.0014601102,0.23453948,0.0055875205,0.0070796176,0.553912218626555,0.21180506,0.006961486,0.006341018
31,0.0067728404,0.008602019,1.0,0.00027736818,1.0,0.0005578614,1.0,0.0003790547,1.0,0.00058749213,1.0,0.0003670497,1.0,0.0011062833,1.0,0.00026916317,1.0,0.0006976738,0.18903545,0.0072738305,0.00862161,0.43143934483907886,0.18979788,0.008606463,0.008476785,0.0059699756,0.00798802,1.0,0.00055045733,1.0,0.00051573594,0.978979,0.02921067,1.0,0.0009870649,1.0,0.00036088773,0.987988,0.02220685,1.0,0.00027823664,1.0,0.0027655324,0.23937175,0.006645567,0.007969315,0.5469098452691201,0.2108651,0.0075630047,0.006691029
32,0.006617563,0.008574216,1.0,0.00032072712,1.0,0.0004896181,1.0,0.00031913767,1.0,0.0005682759,1.0,0.00031809043,1.0,0.0005513687,1.0,0.00023302741,1.0,0.0007632876,0.1865508,0.0071457955,0.008592399,0.42673721844589324,0.1890301,0.008585164,0.008298374,0.0051568984,0.0071193906,1.0,0.00045495346,1.0,0.00046091687,0.978979,0.021767259,1.0,0.0006813833,1.0,0.00031907755,0.993994,0.017461685,1.0,0.00023953812,1.0,0.0024083634,0.23005123,0.0058678426,0.0069569424,0.5240946902527107,0.20969218,0.0069398438,0.006147401
33,0.006403518,0.008554908,1.0,0.00037324202,1.0,0.00043510925,1.0,0.00027941584,1.0,0.00050922733,1.0,0.00028038243,1.0,0.0006217001,1.0,0.00020611426,1.0,0.0007663562,0.18436015,0.0070577376,0.008568972,0.42461262832540575,0.18924622,0.008556773,0.008156644,0.0049188044,0.0070676575,1.0,0.0005477325,1.0,0.00039723475,0.972973,0.08281254,1.0,0.00068189285,1.0,0.00031688635,1.0,0.0001488614,1.0,0.0002527099,1.0,0.0026603574,0.2632633,0.0056548216,0.0068408344,0.6064074146854985,0.21524033,0.006816311,0.006166809
34,0.006184654,0.008443231,1.0,0.00039003097,1.0,0.0004280684,1.0,0.0002639976,1.0,0.0005637694,1.0,0.00027866932,1.0,0.0004742327,1.0,0.00021061231,1.0,0.00077375607,0.18160543,0.0068689985,0.00845611,0.41680026815673804,0.18621087,0.008395687,0.008004457,0.004706146,0.0067879604,1.0,0.0002995038,1.0,0.00036012285,0.993994,0.0100337975,1.0,0.0003214247,1.0,0.000228303,1.0,0.0007829379,1.0,0.00017398562,1.0,0.0005877786,0.2298941,0.0056044087,0.0068012616,0.48196267795276354,0.20344275,0.006646289,0.006230248
35,0.005871487,0.008113135,1.0,0.00042847468,1.0,0.0005007411,1.0,0.0002783282,1.0,0.00052034744,1.0,0.0003390924,1.0,0.00052693515,1.0,0.00023748515,1.0,0.00069872814,0.18411437,0.006752059,0.008117865,0.41830913356423466,0.18487184,0.008101928,0.007968567,0.005020711,0.007094105,1.0,0.000275496,1.0,0.0003354488,0.972973,0.100037545,1.0,0.00036833037,1.0,0.00028411302,1.0,0.00012693301,1.0,0.00023845192,1.0,0.0037315572,0.23078519,0.005862862,0.006785165,0.5815475966121342,0.20447755,0.006609491,0.0063266098
36,0.005901374,0.0081242565,1.0,0.00032700962,1.0,0.00044121683,1.0,0.00026868584,1.0,0.0004888041,1.0,0.00029262103,1.0,0.00052762224,1.0,0.00020580715,1.0,0.0007619216,0.17942223,0.0067252275,0.00814308,0.41221373722483395,0.18447752,0.008124018,0.007830561,0.0040628896,0.006421296,1.0,0.0002758196,1.0,0.00034458778,1.0,0.006529303,1.0,0.0005379561,1.0,0.00031537763,1.0,0.0047717816,1.0,0.00019863488,1.0,0.0022372385,0.23298538,0.0048121763,0.0063870437,0.48008123442933365,0.20016192,0.006194221,0.005507629
37,0.0058486536,0.008081241,1.0,0.00027807744,1.0,0.0003943731,1.0,0.0002688005,1.0,0.0004929625,1.0,0.00025937014,1.0,0.000573455,1.0,0.0001832159,1.0,0.000731831,0.17678241,0.0065762126,0.008090005,0.4054570846948115,0.18165189,0.008077731,0.007709856,0.0045883995,0.006480957,1.0,0.0002166819,1.0,0.00034485053,0.978979,0.063402995,1.0,0.00057257334,1.0,0.0002446054,1.0,0.00014640848,1.0,0.00017047097,1.0,0.0013383878,0.2231108,0.0051416084,0.0063731237,0.525995059235318,0.19944231,0.0063472725,0.005899713
38,0.0058198017,0.008033446,1.0,0.00025009175,1.0,0.00038549755,1.0,0.00029113513,1.0,0.0005846905,1.0,0.00024006299,0.9992487,0.0013280432,1.0,0.00017995674,1.0,0.0007746439,0.17324038,0.006358145,0.00806304,0.402113887620635,0.18170533,0.008050815,0.007569706,0.14612952,0.1521836,1.0,0.00028181603,1.0,0.00058530155,0.972973,0.03584946,1.0,0.0005491956,1.0,0.0003985916,1.0,0.0005295672,1.0,0.00035798945,1.0,0.0013577947,0.21803789,0.15778561,0.14384909,1.2972391442851618,0.22747944,0.10373809,0.11994009
39,0.005697477,0.007416413,1.0,0.00028790417,1.0,0.0007766105,1.0,0.00028950558,1.0,0.0005738327,1.0,0.00052045553,1.0,0.0004233572,1.0,0.00044768988,1.0,0.0010785431,0.17253157,0.006229123,0.0075038816,0.39779975927476147,0.1791826,0.007438021,0.0071942764,0.0043091197,0.005658376,1.0,0.00045666186,1.0,0.0008664465,0.972973,0.090356156,1.0,0.00079619064,1.0,0.00081140915,1.0,0.00039015082,1.0,0.0005298699,1.0,0.002182359,0.23174019,0.005633486,0.0054815854,0.5577086872524686,0.1965367,0.00548866,0.005973059
40,0.0053870655,0.007156038,1.0,0.0004082995,1.0,0.0008024947,1.0,0.00030766,1.0,0.00047182397,1.0,0.0005884455,1.0,0.0004924665,1.0,0.00045123525,1.0,0.0008966624,0.16915657,0.0061953887,0.0071704504,0.3921004888663876,0.17861012,0.0071576796,0.0071725426,0.003655501,0.0052911825,1.0,0.00036635558,1.0,0.0007098126,0.990991,0.010998168,1.0,0.0008115465,1.0,0.0005981319,1.0,0.00023827994,1.0,0.00038746127,1.0,0.002300281,0.20723194,0.004246205,0.005209711,0.463551559426763,0.21056592,0.0052505857,0.0051523335
41,0.005922811,0.0077090184,1.0,0.00030715606,1.0,0.0006113152,0.9992487,0.0029375541,1.0,0.0004616372,1.0,0.00043310598,0.9992487,0.00244328,1.0,0.00032907282,1.0,0.0007250275,0.1727174,0.0066722543,0.007676491,0.4054803927530479,0.1818597,0.0076727867,0.007659777,0.12052344,0.011962348,1.0,2.310049e-08,1.0,0.000983663,0.954955,0.116057985,1.0,2.6295966e-08,1.0,0.11331948,1.0,0.00011232657,1.0,0.038154427,1.0,0.20510124,0.3208122,0.30749398,0.002707915,1.6795075483866282,0.43604165,0.0045086825,0.0026380473
42,0.007390773,0.008577333,1.0,0.0005320026,1.0,0.001279188,1.0,0.0012160679,1.0,0.000359378,1.0,0.00080076815,0.99774605,0.014617084,1.0,0.00062383735,1.0,0.0012943917,0.20776445,0.007904954,0.008540677,0.4814162841423574,0.20408274,0.008558119,0.008104161,0.0030278123,0.0037584295,1.0,0.013667198,1.0,0.015849523,0.978979,0.047151078,1.0,0.005189698,1.0,0.016472373,1.0,0.009521253,1.0,0.0103847785,1.0,0.016658565,0.25239792,0.0037469482,0.004532251,0.7194677140261676,0.30751145,0.0042775585,0.0047439476
43,0.0074662594,0.008456756,1.0,0.0007547351,1.0,0.00084554876,0.9992487,0.0020179737,1.0,0.00053544017,1.0,0.0009461144,0.99774605,0.011575598,1.0,0.00031955758,1.0,0.0013120356,0.2030014,0.007917414,0.008253576,0.46932701617591277,0.19874947,0.008604624,0.008553003,0.004848614,0.0052862843,1.0,4.1440377e-05,1.0,0.0005921341,0.981982,0.035767555,1.0,0.00011106509,1.0,0.000398456,0.990991,0.015755886,1.0,0.00027182375,1.0,0.00087482773,0.24309209,0.005023409,0.005400739,0.5427399042311374,0.21137054,0.00540253,0.0056734653
44,0.0059973807,0.0071443366,1.0,0.00011900319,1.0,0.0006490047,0.9992487,0.0018097904,1.0,0.00034614245,1.0,0.00043065235,0.99849737,0.0058390466,1.0,0.0002744954,1.0,0.0007466601,0.19438396,0.00649774,0.007049523,0.44064284542017107,0.194446,0.0072408766,0.0071385726,0.0034898727,0.00455106,1.0,0.00024008239,1.0,0.0011770163,0.990991,0.01338643,1.0,0.00047725192,1.0,0.00065963663,1.0,0.004631239,1.0,0.0005046379,1.0,0.001949392,0.2295003,0.003993563,0.00473539,0.49883026600600006,0.21919721,0.0044223107,0.0043435595
45,0.0057111997,0.006813083,1.0,0.00014895765,1.0,0.0007311717,1.0,0.0008481931,1.0,0.00047464474,1.0,0.00049844827,1.0,0.0020337699,1.0,0.00034498065,1.0,0.0006625349,0.18210916,0.00597156,0.0067585073,0.41252262613810964,0.18609564,0.0069282977,0.006998504,0.003254795,0.0043570423,1.0,0.0002786224,1.0,0.0012173913,0.981982,0.029563777,1.0,0.00064281485,1.0,0.0006567236,1.0,0.0005883466,1.0,0.00048407243,1.0,0.0013323001,0.21117297,0.003624114,0.0043780226,0.4756290088365744,0.20250148,0.0044222195,0.00432363
46,0.0054380163,0.0067894403,1.0,0.00023150563,1.0,0.0006104761,1.0,0.00075151486,1.0,0.00043072598,1.0,0.0004739843,0.9992487,0.0026455987,1.0,0.00032847156,1.0,0.0006593922,0.17333312,0.0058745793,0.0066474685,0.39848336360223485,0.18012103,0.006817951,0.0068698693,0.0033127423,0.00448928,1.0,0.00018755703,1.0,0.0007465244,1.0,0.0056717135,1.0,0.0004047788,1.0,0.00052941055,1.0,0.0035834948,1.0,0.00031647322,1.0,0.00076745474,0.21732199,0.0037291637,0.004341385,0.44964880735666546,0.1969204,0.004557452,0.0045326822
47,0.0054306206,0.0066313376,1.0,0.00019380936,1.0,0.0006682668,0.9992487,0.0032421092,1.0,0.0003672463,1.0,0.00048750115,0.9992487,0.00388827,1.0,0.00029730378,1.0,0.00082941324,0.17506728,0.0058895596,0.0065030917,0.4029917736907905,0.1798265,0.0066866726,0.0067075873,0.0032511794,0.004296262,1.0,0.00014859297,1.0,0.0007443671,0.966967,0.15835631,1.0,0.00041446835,1.0,0.0005539351,0.990991,0.010079058,1.0,0.0003002206,1.0,0.0010888245,0.2899521,0.0036690726,0.004171085,0.7333220085940203,0.24740937,0.0043390337,0.0043680854
48,0.005416652,0.0064736945,1.0,0.0005024885,1.0,0.0010537686,1.0,0.0004215006,1.0,0.00037762502,1.0,0.00085178117,0.9992487,0.0021946267,1.0,0.0006548212,1.0,0.0012647759,0.17246677,0.005788204,0.0063919104,0.39358110366505306,0.17652506,0.0064403424,0.0066214367,0.0029975113,0.003854998,1.0,0.0047375886,1.0,0.0048106685,0.975976,0.1262117,1.0,0.0061467667,1.0,0.0070940712,0.987988,0.034658425,1.0,0.0050853826,1.0,0.006250549,0.21042383,0.003118013,0.0038372318,0.623304565747579,0.19244485,0.0038524638,0.0041301576
49,0.0052379956,0.0063354163,1.0,0.00086665404,1.0,0.0014115502,1.0,0.00027882846,1.0,0.0005307852,1.0,0.0012103735,1.0,0.0015610371,1.0,0.0009756184,1.0,0.0017251171,0.16293338,0.0054952414,0.0062552844,0.38051798395605396,0.17255971,0.0063325437,0.006449857,0.0032563251,0.0045000287,1.0,0.00011368355,1.0,0.00034443501,0.978979,0.07321913,1.0,0.000246516,1.0,0.00030333182,1.0,0.0057342313,1.0,0.00017219232,1.0,0.00044918276,0.21425158,0.003688495,0.00423432,0.526077435449795,0.20535856,0.0044108448,0.0045755743
50,0.0050999904,0.006268945,1.0,0.00022321702,1.0,0.000591826,1.0,0.00018256759,1.0,0.0004993582,1.0,0.0004644984,0.9992487,0.0035073492,1.0,0.00024578237,1.0,0.0007732771,0.16077371,0.005410547,0.0060879625,0.37268719227129493,0.16944043,0.006275012,0.006462636,0.0028829423,0.0039829426,1.0,0.0003632536,1.0,0.0008375721,1.0,0.0020835372,1.0,0.00064058707,1.0,0.0021141244,0.987988,0.04567108,1.0,0.0004217818,1.0,0.000811177,0.19924335,0.0032464743,0.0037867033,0.47195805014074743,0.1964954,0.0038914252,0.0041961195
51,0.0049773986,0.0062250057,1.0,0.00021867338,1.0,0.00052752957,1.0,0.00022259422,1.0,0.000412591,1.0,0.0004537971,1.0,0.0015584541,1.0,0.0002293835,1.0,0.0007534388,0.15613362,0.005388182,0.005935242,0.36218885332905737,0.16612186,0.0062025683,0.00637502,0.002951934,0.004021604,1.0,0.00019842683,1.0,0.0006791594,0.972973,0.13433306,1.0,0.0004237322,1.0,0.0028288183,0.975976,0.08714622,1.0,0.0003377679,1.0,0.0005048159,0.23039101,0.0036700498,0.003780635,0.7226107732669728,0.23717129,0.0039131935,0.004431111
52,0.0049668844,0.006167839,1.0,0.000185137,1.0,0.0005006864,1.0,0.00015129131,1.0,0.000351417,1.0,0.0003913284,1.0,0.0012778335,1.0,0.0002600646,1.0,0.0006814233,0.15336783,0.0053756973,0.005890631,0.3584302212178125,0.1669109,0.006050958,0.0063400506,0.0023564924,0.003507387,1.0,0.0014295991,1.0,0.0020813278,0.993994,0.019814074,1.0,0.0029636435,1.0,0.003849179,0.990991,0.023222478,1.0,0.0010948166,1.0,0.0021732391,0.19766161,0.0027820375,0.0031314804,0.4964808164774119,0.22283933,0.0033562686,0.0036171584
53,0.004948217,0.0060911863,1.0,0.00016752984,1.0,0.0005009214,1.0,0.00012947603,1.0,0.00032279082,1.0,0.0003419235,1.0,0.0011056198,1.0,0.00033657323,1.0,0.0006006872,0.15190464,0.005337107,0.005848015,0.35364494209088926,0.164195,0.0058062132,0.0063163876,0.0028234664,0.0039884,1.0,0.00017842208,1.0,0.00047063493,0.987988,0.038893446,1.0,0.0003055368,1.0,0.00053763576,1.0,0.0032327252,1.0,0.0003318106,1.0,0.0006388223,0.197039,0.0033102224,0.0036259547,0.4531165184201421,0.19068763,0.0036407432,0.0041168327
54,0.004921578,0.005992565,1.0,0.00016187527,1.0,0.0005111197,1.0,0.00013216204,1.0,0.0003227882,1.0,0.00030940608,1.0,0.0010269885,1.0,0.00030396454,1.0,0.0005795476,0.14897266,0.0052884263,0.005818203,0.34553033993443005,0.15891184,0.0057394695,0.0062580775,0.002460987,0.0036067856,1.0,0.0006765174,1.0,0.0012051483,0.987988,0.057532232,1.0,0.0012204763,1.0,0.0008795229,1.0,0.0009709187,1.0,0.00056592847,1.0,0.0013980785,0.20127018,0.0028911703,0.003293528,0.47173657234724575,0.18497765,0.0034315272,0.0037476653
55,0.0048465147,0.0058932654,1.0,0.0001920516,1.0,0.000492119,1.0,0.0001093226,1.0,0.00039078607,1.0,0.00030282876,0.9992487,0.002333848,1.0,0.00031516608,1.0,0.00058321486,0.14686175,0.0051224013,0.0057482473,0.34313614186176583,0.15808281,0.0055809626,0.0061778375,0.0018039503,0.002696097,1.0,0.00900761,1.0,0.011915623,1.0,0.00036720416,1.0,0.014499255,1.0,0.012730524,1.0,0.0013874787,1.0,0.009511719,1.0,0.011873003,0.18326202,0.0018927045,0.0024246352,0.4711887304847305,0.20152256,0.0025139065,0.0028699033
56,0.0045603043,0.005799577,1.0,0.00034288748,1.0,0.0004402819,1.0,0.00011076962,1.0,0.00043810043,1.0,0.0003796922,0.9992487,0.0016619512,1.0,0.00036443662,1.0,0.00052515196,0.14523607,0.00491887,0.0054918025,0.33529923577491366,0.15334299,0.0054164627,0.0061549116,0.002480777,0.0034557518,1.0,0.006045246,1.0,0.0072950902,0.987988,0.06500636,1.0,0.0039244266,1.0,0.012326048,0.987988,0.027802743,1.0,0.0064183185,1.0,0.008049476,0.18690175,0.0036199354,0.0030280228,0.5079660494406302,0.18094464,0.0031070556,0.0036833023
57,0.004504749,0.0057895705,1.0,0.00030702463,1.0,0.0004005689,1.0,0.0002780592,1.0,0.00037355506,1.0,0.00036294537,1.0,0.0012334858,1.0,0.00033089874,1.0,0.00052846986,0.14017837,0.0049358374,0.0054012053,0.3282458738085921,0.15210284,0.00535513,0.0060916226,0.0023031174,0.0033108748,1.0,0.0030873115,1.0,0.0041175014,0.993994,0.011717348,1.0,0.0032080791,1.0,0.0060480097,0.993994,0.014181981,1.0,0.0037001949,1.0,0.005300641,0.18366393,0.0026251588,0.003071418,0.41802887757261237,0.16457047,0.0027798703,0.003314241
58,0.0044525834,0.005772667,1.0,0.00024519686,1.0,0.00032368503,1.0,9.548749e-05,1.0,0.00030598417,1.0,0.00030643336,1.0,0.0007852693,1.0,0.00040201188,1.0,0.0005388019,0.13897331,0.0048815086,0.005368152,0.32396801444124584,0.15041593,0.0051522325,0.005976144,0.0021831663,0.0028671492,1.0,0.0064501474,1.0,0.008892228,0.993994,0.020568524,1.0,0.0071583516,1.0,0.008996027,0.993994,0.04185365,1.0,0.0067853876,1.0,0.00996763,0.22483158,0.0023037863,0.0029050733,0.5494364585962381,0.19534276,0.0027333961,0.003086545
59,0.0044305436,0.0057319608,1.0,0.00020483787,1.0,0.00030721942,1.0,8.035086e-05,1.0,0.00028719846,1.0,0.00026647808,1.0,0.0009774574,1.0,0.00043692673,1.0,0.0005883078,0.13494079,0.004852687,0.005335811,0.31645926519679807,0.14699303,0.004969652,0.0058287587,0.0025271866,0.0032609075,1.0,0.0050230427,1.0,0.0068537737,0.990991,0.041771937,1.0,0.0053434307,1.0,0.0065363366,0.993994,0.007401367,1.0,0.005240985,1.0,0.007990733,0.16723488,0.0029747263,0.0030877362,0.4348304402362835,0.16298196,0.0029637094,0.0033982783
60,0.0044249953,0.005733199,1.0,0.0001743311,1.0,0.00026820265,1.0,7.0211354e-05,1.0,0.0002287412,1.0,0.00023108926,0.9992487,0.0023778037,1.0,0.00037746876,1.0,0.00058586383,0.13093883,0.0048593315,0.005332584,0.3100092355959582,0.14412354,0.0049089035,0.0057368367,0.0028430822,0.0038702374,1.0,0.0036573182,1.0,0.0047986843,0.993994,0.021399925,1.0,0.0026371721,1.0,0.006746779,0.990991,0.028642423,1.0,0.004277915,1.0,0.0054793614,0.16171469,0.0036283385,0.0031678383,0.4189743824728258,0.15767483,0.0030780053,0.0035726589
61,0.0044342917,0.005632641,1.0,0.00015107851,1.0,0.00033586848,1.0,7.287713e-05,1.0,0.00020244927,1.0,0.00020538102,1.0,0.00050555984,1.0,0.0003173001,1.0,0.00062078534,0.1317956,0.0048909215,0.005327225,0.3048326928843062,0.13975933,0.0048875143,0.005597043,0.0022214719,0.0031185225,1.0,0.010728831,1.0,0.013627647,1.0,0.00014192669,1.0,0.010048349,1.0,0.012563411,1.0,0.0032517766,1.0,0.01154856,1.0,0.012515173,0.2188539,0.00260181,0.0030212486,0.49553786097346125,0.18531445,0.0029268728,0.003178442
62,0.0048160492,0.0059515643,1.0,0.0007245354,1.0,0.0010797583,0.9992487,0.012880089,1.0,0.0007344131,1.0,0.0008876488,0.9992487,0.0021896907,1.0,0.0008225497,1.0,0.0008895242,0.15505417,0.0052427715,0.0057728915,0.36716716953187306,0.15829647,0.005433743,0.006028491,0.002857098,0.0035746833,1.0,8.6120424e-05,1.0,0.00061109767,1.0,0.003215272,1.0,5.0469393e-05,1.0,0.00012872947,0.96997,0.09595465,1.0,7.77278e-05,1.0,0.0006740955,0.23635858,0.0035934378,0.0037087137,0.5593660502462415,0.20245494,0.003410639,0.0035257195
63,0.004620599,0.005719825,1.0,0.0012605932,1.0,0.0016166086,0.99849737,0.017381288,1.0,0.0012164029,1.0,0.0013267742,0.99849737,0.016193638,1.0,0.0012761815,1.0,0.001696586,0.16165228,0.004962409,0.0055377297,0.4038891615856867,0.16830087,0.005191046,0.005796112,0.015795115,0.016891282,1.0,1.0796494e-05,1.0,4.7993195e-05,0.6156156,1.4215758,1.0,7.3835886e-06,1.0,3.121111e-05,0.8948949,0.66108686,1.0,1.6105867e-05,1.0,0.00012374566,0.3489917,0.0155986585,0.01472169,2.9983103289618507,0.47928557,0.0148252165,0.019128727
64,0.005226801,0.005954707,1.0,0.00013772817,1.0,0.00045202795,1.0,0.0008497286,1.0,0.0003185445,1.0,0.0002491291,1.0,0.00095610507,1.0,0.00023964005,1.0,0.00042093775,0.15756162,0.005386146,0.0056952196,0.35762706916194315,0.16261102,0.005571364,0.0059628543,0.0028798117,0.0033690708,1.0,0.00012229026,1.0,0.0006234063,0.978979,0.12502673,1.0,0.00038741247,1.0,0.00034661242,1.0,0.0035376716,1.0,0.0002766859,1.0,0.00044596105,0.19973083,0.0029584737,0.003102238,0.5402522153324552,0.18802017,0.0030200246,0.0034195643
65,0.0048170215,0.0054896544,1.0,0.00021040624,1.0,0.00063296745,1.0,0.00026649132,1.0,0.00043429082,1.0,0.00040895867,1.0,0.0013639118,1.0,0.00039173855,1.0,0.0005654119,0.13925226,0.0049976544,0.005121306,0.3199473525419171,0.1460312,0.0049061407,0.005478093,0.0024212813,0.0030051093,1.0,0.0005951152,1.0,0.0016347168,1.0,0.0011944498,1.0,0.0021561238,1.0,0.0014879626,1.0,0.001272805,1.0,0.0015541632,1.0,0.0008484482,0.1989473,0.00251785,0.0028744082,0.4022633066406479,0.17528883,0.0026165645,0.0030863828
66,0.0047115847,0.0055746385,1.0,0.0007401376,1.0,0.00083514035,0.9992487,0.001971139,1.0,0.0005823316,1.0,0.00064348686,0.9992487,0.003560845,1.0,0.0005506069,1.0,0.0010941674,0.13848533,0.0049427287,0.005259029,0.325896247896729,0.14643273,0.0049490114,0.0055918125,0.0023932313,0.0037168176,1.0,0.00017001959,1.0,0.00023306484,0.981982,0.15000616,1.0,0.0006926711,1.0,0.00012045725,0.987988,0.026195753,1.0,0.000112912305,1.0,0.0003643739,0.17431627,0.002593629,0.0033609364,0.5202804757310105,0.16141123,0.0029178043,0.0034878391
67,0.0049770135,0.0059825806,1.0,0.00032271375,1.0,0.000591924,1.0,0.00063968956,1.0,0.0005872555,1.0,0.00033439527,0.99774605,0.015775008,1.0,0.0002244665,1.0,0.00066927355,0.1510608,0.0052874763,0.005696431,0.35847415976019215,0.15790534,0.0054538418,0.006011608,0.0020209702,0.003268877,1.0,0.0003568349,1.0,0.00050063425,0.966967,0.14802419,1.0,0.0001941295,1.0,0.00022730124,0.978979,0.027852183,1.0,0.00023554558,1.0,0.0002708436,0.32586357,0.0028158072,0.0028151795,0.8448729878431326,0.3203574,0.0025116848,0.0035800731
68,0.00408216,0.0050542266,1.0,0.0003209801,1.0,0.00065844384,1.0,0.00029097684,1.0,0.00037480175,1.0,0.00040745357,1.0,0.0006309498,1.0,0.0002831022,1.0,0.00044422102,0.13616659,0.004497599,0.0046952874,0.31108733077948475,0.14441635,0.0045270287,0.005391763,0.0019418253,0.002982397,1.0,0.00027179558,1.0,0.00049491,0.990991,0.024813714,1.0,0.00030701855,1.0,0.00033725542,0.990991,0.007819744,1.0,0.00042974198,1.0,0.00035889237,0.18607512,0.0024423397,0.002520013,0.42395345871154966,0.1850552,0.0022081141,0.0033137167
69,0.0040623327,0.004983777,1.0,0.00025693717,1.0,0.00058192847,1.0,0.00030905925,1.0,0.00031274237,1.0,0.00038761954,1.0,0.0011456945,1.0,0.00027460812,1.0,0.00041306324,0.12641136,0.004495772,0.004584622,0.2925116562198464,0.13493808,0.0044605345,0.0053586243,0.0018969314,0.00279646,1.0,0.00022047866,1.0,0.0005248479,1.0,0.0013059231,1.0,0.00029900327,1.0,0.00035795406,0.993994,0.021420645,1.0,0.0004255017,1.0,0.00044009363,0.16637361,0.0023159417,0.002391652,0.37568716333435104,0.16906048,0.0021038055,0.0031155648
70,0.004046974,0.004936286,1.0,0.00021622216,1.0,0.0005171784,1.0,0.00019973441,1.0,0.00027262757,1.0,0.00033762894,1.0,0.00084611145,1.0,0.00027160405,1.0,0.00041172394,0.1213251,0.004495627,0.004552814,0.28034550793452157,0.12805344,0.0044181584,0.0053036376,0.0019075831,0.002808599,1.0,0.00019457199,1.0,0.00045264006,0.990991,0.02044239,1.0,0.00024471444,1.0,0.00029731944,0.990991,0.019909441,1.0,0.0003726854,1.0,0.00045923475,0.16389163,0.0023898568,0.0023893313,0.38835492846486086,0.16756839,0.00214858,0.0030851983
71,0.0040483405,0.004930064,1.0,0.00018227477,1.0,0.0004346226,1.0,0.00017225291,1.0,0.00024827736,1.0,0.00028880834,1.0,0.00090990565,1.0,0.00029090093,1.0,0.00041106791,0.12013673,0.004471392,0.004541759,0.27861345494984685,0.12804662,0.0043495432,0.005252495,0.0020352297,0.0029222,1.0,0.00016514111,1.0,0.00038721855,0.987988,0.044466943,1.0,0.00022165096,1.0,0.00025129854,0.984985,0.037537612,1.0,0.00032649504,1.0,0.0004062415,0.1850863,0.002504019,0.0024668155,0.4455755046896032,0.15961415,0.0022327274,0.0031963405
72,0.004051265,0.00493558,1.0,0.0001573177,1.0,0.00037084954,1.0,0.0004526503,1.0,0.00023174063,1.0,0.00025404076,1.0,0.00084698235,1.0,0.00033213722,1.0,0.0004577583,0.12325184,0.0044537755,0.00453123,0.2809161891689164,0.12691575,0.004244197,0.0051539335,0.0018388393,0.0025863796,1.0,0.0003282339,1.0,0.0006270784,0.981982,0.07348772,1.0,0.0007442649,1.0,0.00031060248,0.990991,0.020967899,1.0,0.00034887018,1.0,0.00080800534,0.16134545,0.0020667252,0.0023044283,0.42432478974173377,0.1499664,0.002036688,0.0027480838
73,0.004041436,0.004929658,1.0,0.00014892533,1.0,0.0003327449,1.0,0.00035236165,1.0,0.00024397443,1.0,0.00022818118,1.0,0.0005928977,1.0,0.00030792257,1.0,0.0004885369,0.1186289,0.004418459,0.0045516435,0.271810010579365,0.1236791,0.0042054416,0.0050585554,0.001959631,0.002845544,1.0,0.00012393198,1.0,0.0002920083,0.987988,0.048665557,1.0,0.0002282723,1.0,0.00019625395,0.987988,0.038544625,1.0,0.00029686512,1.0,0.0005152246,0.15774053,0.0023276808,0.0023838864,0.40914821553158687,0.14553799,0.0020538233,0.0028822094
74,0.0040321136,0.0049069496,1.0,0.00013607294,1.0,0.00030230667,1.0,0.00030885526,1.0,0.0002370372,1.0,0.00019981945,1.0,0.0011728477,1.0,0.000308725,1.0,0.00048447945,0.11439473,0.004377746,0.0045219944,0.2682896888542677,0.12351502,0.0041109184,0.004983921,0.001969026,0.0028531475,1.0,9.8696386e-05,1.0,0.00024349875,0.990991,0.039896693,1.0,0.0002874186,1.0,0.00017361536,0.990991,0.043139007,1.0,0.00025034908,1.0,0.00044327346,0.15079422,0.0021816916,0.0023906275,0.38963254436000333,0.13834979,0.0020107748,0.0028574853
75,0.0040279427,0.0049008266,1.0,0.000117039475,1.0,0.00027087645,1.0,0.0001687291,1.0,0.00027621412,1.0,0.00017203564,1.0,0.0004957467,1.0,0.0002582777,1.0,0.00041636018,0.11637112,0.0042935885,0.0045238845,0.2628740103149844,0.11797086,0.0041063544,0.004980297,0.0018498508,0.002716458,1.0,0.00010227586,1.0,0.00025643953,1.0,0.0013722229,1.0,0.00026261705,1.0,0.00015265339,0.993994,0.019120576,1.0,0.00022875876,1.0,0.00042054258,0.16177143,0.0020920706,0.0023765112,0.34705978220289535,0.14959855,0.0019396116,0.0027647307
76,0.004019753,0.0048843557,1.0,0.0001123944,1.0,0.0002601847,1.0,0.00020314325,1.0,0.00031021642,1.0,0.00015788703,1.0,0.0005179735,1.0,0.00022195115,1.0,0.00040048017,0.1113824,0.004202404,0.004524105,0.2591881511423661,0.11866218,0.004105363,0.0049429084,0.0018680252,0.002678397,1.0,8.8832334e-05,1.0,0.00028748251,1.0,0.0019448824,1.0,0.0003624389,1.0,0.00017318041,0.993994,0.026060948,1.0,0.00020399076,1.0,0.00040973444,0.14285184,0.0019104744,0.0023412318,0.3184825652712458,0.13220377,0.0019293353,0.0027385603
77,0.0040194644,0.0048759235,1.0,9.4164345e-05,1.0,0.00023523532,1.0,0.00014869781,1.0,0.00035317038,1.0,0.0001469057,1.0,0.000563579,1.0,0.00020367533,1.0,0.00035890986,0.109266564,0.0040504984,0.00451831,0.2528781457604724,0.11484088,0.0040812003,0.0049276752,0.0019832295,0.002868737,1.0,8.368287e-05,1.0,0.00019537084,0.987988,0.037720233,1.0,0.00031062946,1.0,0.000124976,0.987988,0.0151453195,1.0,0.00017090785,1.0,0.0003281921,0.15704763,0.0020371433,0.0024788738,0.35925013399696926,0.13979381,0.0020701154,0.002895849
78,0.0040061763,0.004852022,1.0,0.000102025624,1.0,0.00023989611,1.0,0.00020795691,1.0,0.0003257628,1.0,0.00015468868,1.0,0.0009022028,1.0,0.00018180527,1.0,0.00034604268,0.10764082,0.004041241,0.0045098257,0.24759182392162635,0.11107872,0.00407912,0.0048997165,0.0019502103,0.002821567,1.0,7.70746e-05,1.0,0.00018432633,0.990991,0.03480503,1.0,0.00025945893,1.0,0.0001126437,0.990991,0.028660474,1.0,0.0001512808,1.0,0.000303257,0.1426073,0.0019947325,0.002463404,0.3557281693717739,0.13270128,0.0020373878,0.0028471332
79,0.0039973576,0.0048126066,1.0,9.299024e-05,1.0,0.00023810746,1.0,0.00018228572,1.0,0.0002707566,1.0,0.00012111323,1.0,0.0004960363,1.0,0.00016180263,1.0,0.00033695198,0.106635675,0.0040311473,0.0045076553,0.24674127929914633,0.112282604,0.0040664775,0.00485393,0.0019506413,0.002734294,1.0,7.0239315e-05,1.0,0.00022529,0.987988,0.04207489,1.0,0.0002367479,1.0,0.00010775017,0.990991,0.022772457,1.0,0.00013635823,1.0,0.0003182831,0.18234523,0.0019760414,0.0024687017,0.4537486577177191,0.19002779,0.0020443494,0.0027929118
80,0.0039826236,0.0047431197,1.0,9.209873e-05,1.0,0.0002658403,1.0,0.00016807205,1.0,0.00024741745,1.0,0.00012280821,1.0,0.0005943056,1.0,0.00015072733,1.0,0.0003742266,0.10811984,0.0040050824,0.004491805,0.24886311246970827,0.11230832,0.004055952,0.0047654505,0.0018285566,0.002403185,1.0,6.700604e-05,1.0,0.00040681972,0.993994,0.009842839,1.0,0.00020616039,1.0,0.00012260673,0.993994,0.017121807,1.0,0.0001223658,1.0,0.00047038743,0.14406978,0.0018564552,0.0023409298,0.3245987717632775,0.13773577,0.001929868,0.0024527877
81,0.0039646784,0.0046646134,1.0,9.6575786e-05,1.0,0.00030117916,1.0,0.00018006403,1.0,0.0002182605,1.0,0.0001200749,1.0,0.0004175243,1.0,0.00013421732,1.0,0.00043474446,0.10673727,0.004003211,0.0044835513,0.24474779419617756,0.11009326,0.0040559643,0.004634144,0.002476059,0.0036641224,1.0,8.117583e-05,1.0,0.0008073873,0.984985,0.049611337,1.0,0.0001732969,1.0,0.00013155909,0.987988,0.025952857,1.0,0.00010775734,1.0,0.00049921847,0.16671215,0.0040124096,0.0031081398,0.4106600880622864,0.14788806,0.0031134982,0.0036382582
82,0.0039260196,0.004587304,1.0,0.000118642645,1.0,0.0003078378,1.0,0.00016128033,1.0,0.0001991832,1.0,0.00012477276,1.0,0.00033257698,1.0,0.00013379024,1.0,0.00046223318,0.09978183,0.0039958493,0.0044531464,0.23500147710430452,0.108277395,0.0040399903,0.004514888,0.0017910014,0.0024331764,1.0,0.000109638015,1.0,0.0003081211,0.993994,0.01765811,1.0,0.00016326264,1.0,8.493498e-05,0.990991,0.0074041984,1.0,9.997727e-05,1.0,0.0004155151,0.16112584,0.0019235777,0.0024303088,0.3586208285154165,0.15728664,0.0019979198,0.0024157346
83,0.0038397512,0.004537823,1.0,0.00017716903,1.0,0.00028541713,1.0,0.00016182127,1.0,0.00017401153,1.0,0.00015721288,1.0,0.00042690328,1.0,0.00019354715,1.0,0.00042091354,0.10420314,0.0040043984,0.004358316,0.24067155909350185,0.10924702,0.0039624874,0.004486429,0.0017442472,0.002751792,1.0,0.00027683444,1.0,0.00024258501,0.984985,0.049257442,1.0,0.0001420926,1.0,0.00021476357,0.993994,0.011696952,1.0,0.0002957296,1.0,0.00035099813,0.17737241,0.0026470325,0.0022777193,0.39825325327234584,0.14712203,0.0019550417,0.0026210623
84,0.003709144,0.004496034,1.0,0.00024024205,1.0,0.0002687571,1.0,0.00018479275,1.0,0.00016977816,1.0,0.00021581764,1.0,0.0002973191,1.0,0.0002867014,1.0,0.00036930325,0.10016221,0.0039938954,0.004185627,0.23345787916122568,0.10616879,0.0038149361,0.004477365,0.001594861,0.0024812734,1.0,0.00025504644,1.0,0.00022637677,0.990991,0.037439767,1.0,0.00014921004,1.0,0.00020882653,1.0,0.0043956675,1.0,0.00034365794,1.0,0.0003624236,0.1428839,0.0019364782,0.00213082,0.33621789206255664,0.13778193,0.0016990612,0.0023841974
85,0.003649079,0.0044988035,1.0,0.0002351138,1.0,0.0002296859,1.0,0.00016870954,1.0,0.00014158999,1.0,0.00020894481,1.0,0.00030464662,1.0,0.0003188309,1.0,0.00033761802,0.101076186,0.0039937547,0.0041275253,0.23227287476265188,0.10480475,0.003710598,0.004450895,0.0016274898,0.0025108026,1.0,0.00020398268,1.0,0.00019980433,0.990991,0.027643606,1.0,0.000120060984,1.0,0.00017679734,0.990991,0.01723123,1.0,0.00027318898,1.0,0.00030883474,0.14027113,0.0019920568,0.002156451,0.33449235388466547,0.13399427,0.0017344658,0.002422137
86,0.0036539682,0.0045176,1.0,0.00019406556,1.0,0.00021639612,1.0,0.00012685932,1.0,0.00013589443,1.0,0.00018011082,1.0,0.00031320035,1.0,0.0002630269,1.0,0.00030181938,0.10200338,0.0039904816,0.0041451417,0.23253105774488242,0.104400165,0.0037219245,0.004457944,0.0015784143,0.0024329098,1.0,0.00017309656,1.0,0.00020521872,0.993994,0.017779961,1.0,0.00014625405,1.0,0.00017211951,1.0,0.0039742785,1.0,0.00022979602,1.0,0.00030547054,0.14319839,0.0019007121,0.0020973117,0.3438007480747349,0.16381086,0.0016798883,0.0023435224
87,0.0036100505,0.004488013,1.0,0.00018046578,1.0,0.0001943866,1.0,0.00013271937,1.0,0.00011564767,1.0,0.00016475639,1.0,0.00027602457,1.0,0.00023043512,1.0,0.00027411903,0.098151006,0.0039967615,0.0041168802,0.22845270240065033,0.104206875,0.003708446,0.004455323,0.0016712307,0.0025188732,1.0,0.00014627162,1.0,0.00018866581,0.987988,0.028648583,1.0,0.00010704093,1.0,0.00014990146,0.990991,0.029726895,1.0,0.00018762345,1.0,0.00025920453,0.13839033,0.0020171343,0.002187444,0.33434326092044153,0.12255211,0.0017869797,0.0024492538
88,0.003614888,0.0044682007,1.0,0.00015367966,1.0,0.00018834618,1.0,0.00013556046,1.0,0.00011469109,1.0,0.00015033483,1.0,0.00026036927,1.0,0.00020803006,1.0,0.0002646966,0.09456655,0.0039829705,0.004103369,0.2214188817790538,0.10105898,0.0036753023,0.004424947,0.0016158799,0.0024555896,1.0,0.0001253709,1.0,0.00017725641,0.993994,0.011474521,1.0,0.000118483804,1.0,0.00014265685,0.990991,0.0261483,1.0,0.00017304093,1.0,0.00022049507,0.13062131,0.0019294223,0.0021248292,0.3055813262412498,0.12306355,0.0017068065,0.0024152307
89,0.003602439,0.0044685556,1.0,0.00013564466,1.0,0.00016889747,1.0,0.0001324433,1.0,0.00012959384,1.0,0.00014380718,1.0,0.00026294432,1.0,0.0001904471,1.0,0.0002423923,0.09607439,0.0039613917,0.004065189,0.22440516188528017,0.10275001,0.003636995,0.004415278,0.001636844,0.0025178841,1.0,0.0001162217,1.0,0.00013559868,0.993994,0.014477693,1.0,0.00010908838,1.0,0.00011460444,0.990991,0.014513556,1.0,0.0001593851,1.0,0.00026103892,0.13987616,0.0019561134,0.002101338,0.3114973055170821,0.12790596,0.001670604,0.0023575234
90,0.003602366,0.004468018,1.0,0.000120056,1.0,0.00015618847,1.0,0.00012489557,1.0,0.00014436286,1.0,0.00012712575,1.0,0.0002912834,1.0,0.00017072617,1.0,0.00027385546,0.09644453,0.0039287303,0.0040488536,0.22366738771693676,0.10236656,0.0036088682,0.004349713,0.0016354705,0.002476366,1.0,0.00010118554,1.0,0.0001539348,0.993994,0.020787183,1.0,9.653123e-05,1.0,0.00011331571,0.990991,0.020843923,1.0,0.00014354837,1.0,0.00031125714,0.14044966,0.001954298,0.0020729948,0.3166361504846865,0.12887074,0.0016439141,0.0022783468
91,0.0036035646,0.0044318163,1.0,0.0001082334,1.0,0.00017287569,1.0,0.00061017415,1.0,0.00016295051,1.0,0.000121865436,1.0,0.00015437322,1.0,0.00015089836,1.0,0.00035037188,0.104717076,0.0038912438,0.0040410953,0.23871153837124448,0.10854131,0.0036100158,0.0042296513,0.0014748144,0.0021623294,1.0,9.079515e-05,1.0,0.00030337076,0.990991,0.016976876,1.0,0.00032651133,1.0,0.00016867372,1.0,0.000120507895,1.0,0.00012458386,1.0,0.00036626318,0.1725181,0.0015900882,0.0019508722,0.36352235025113766,0.16095708,0.0015699989,0.0020149394
92,0.0036219796,0.0044514327,1.0,9.4077106e-05,1.0,0.00016238041,1.0,0.00017594066,1.0,0.00013656069,1.0,0.00013680376,0.9992487,0.0038135038,1.0,0.00012974298,1.0,0.00035674643,0.10486195,0.0039761714,0.004075541,0.24707048155149064,0.11325637,0.0036486716,0.0042010173,0.0015000122,0.0022153647,1.0,8.319428e-05,1.0,0.00027712143,1.0,0.0015688223,1.0,0.00016828752,1.0,0.00018531445,0.990991,0.042665478,1.0,0.000117749485,1.0,0.00039842096,0.13934368,0.0017508484,0.0018899522,0.34834711974089566,0.15138504,0.0015082667,0.001955349
93,0.0036019585,0.0043707266,1.0,8.893844e-05,1.0,0.00020195621,1.0,8.604328e-05,1.0,0.00016564877,1.0,0.000101673875,1.0,0.00022432469,1.0,0.0001250991,1.0,0.00038866434,0.09867082,0.0038707594,0.0040429593,0.22906764194223775,0.10518249,0.0036075788,0.004074875,0.0015734546,0.0023443503,1.0,7.539071e-05,1.0,0.00017533028,1.0,0.0015312986,1.0,0.00014325237,1.0,8.7845154e-05,0.990991,0.03191459,1.0,0.00010701099,1.0,0.00034474966,0.14340343,0.0018078362,0.0020053256,0.3281743319721909,0.13833912,0.00157717,0.0020239828
94,0.0035928353,0.0043263114,1.0,8.3842664e-05,1.0,0.00020988478,1.0,9.394687e-05,1.0,0.0002010524,1.0,9.698215e-05,1.0,0.00017999495,1.0,0.00011378352,1.0,0.00034945892,0.09600276,0.0038037696,0.004033934,0.22412507194580664,0.10327053,0.0036038023,0.0040504066,0.0014543594,0.0023859837,1.0,0.00027683374,1.0,0.00013323006,0.990991,0.021836981,1.0,0.0002677961,1.0,7.6040764e-05,0.990991,0.013058183,1.0,0.00010548584,1.0,0.0002723077,0.14404319,0.0018669222,0.0020749879,0.3396762383950723,0.15276223,0.0016241245,0.0021676791
95,0.0035453783,0.004195413,1.0,8.620107e-05,1.0,0.00027596336,1.0,0.00014141125,1.0,0.00024513618,1.0,0.00011360738,1.0,0.00016363477,1.0,0.00011248683,1.0,0.000328692,0.09427303,0.0037294263,0.003971814,0.2184658369495849,0.0995701,0.0035600662,0.0040059765,0.0015122347,0.002188123,1.0,7.591753e-05,1.0,0.00021948673,0.990991,0.01590886,1.0,0.00018767109,1.0,8.976875e-05,0.990991,0.018262679,1.0,9.553575e-05,1.0,0.00029095743,0.17244907,0.0017475161,0.0019749862,0.36923183021960676,0.15178889,0.0015714423,0.0019851744
96,0.003553454,0.004164544,1.0,7.378616e-05,1.0,0.00026478295,1.0,8.7781584e-05,1.0,0.00027475835,1.0,0.00011961037,1.0,0.0001783844,1.0,0.00010453027,1.0,0.00029164815,0.09457259,0.003646645,0.00395014,0.21667806471674894,0.098004945,0.0035592832,0.0040044123,0.0016539718,0.0021791747,1.0,5.7645313e-05,1.0,0.0002576803,0.990991,0.021430623,1.0,0.00021438593,1.0,0.00011252022,1.0,0.0024877153,1.0,8.186002e-05,1.0,0.0002297837,0.15088825,0.0017142836,0.0020257584,0.32762174455969184,0.14175902,0.0016578813,0.0021074016
97,0.004240315,0.0052600335,1.0,0.00030624433,1.0,0.00057433266,0.99849737,0.007614091,1.0,0.0006536168,1.0,0.0006370193,0.9992487,0.0067758285,1.0,0.00067046063,1.0,0.0007999944,0.11144237,0.0043756994,0.0049652536,0.27057090193413863,0.113182075,0.0044651055,0.004909618,0.010002848,0.0305843,1.0,0.1558119,1.0,6.2194817e-06,0.966967,0.26016676,1.0,0.058654666,1.0,9.294804e-06,0.4774775,2.359185,1.0,3.3864872e-06,1.0,0.0002039116,0.27113596,0.01897082,0.019260872,3.483520293736959,0.23824456,0.02704655,0.019295404
98,0.00374709,0.0044124527,1.0,8.788635e-05,1.0,0.00020669514,1.0,0.0001255382,1.0,0.00012836688,1.0,0.00021068075,1.0,0.000451107,1.0,4.2748652e-05,1.0,0.00020799696,0.12901713,0.0039742864,0.004167559,0.28070346022529946,0.12682012,0.0039682835,0.004250104,0.0010504856,0.0017931806,1.0,0.0009885891,1.0,0.00047858848,1.0,0.007793373,1.0,0.0016579715,1.0,0.00030586135,0.978979,0.12441071,1.0,7.138134e-05,1.0,0.0009952622,0.19405928,0.0010548293,0.0016978614,0.5094618006153507,0.16702773,0.0014951029,0.0016193552
99,0.0035817365,0.004133597,1.0,5.782616e-05,1.0,0.00023705518,1.0,0.00023017301,1.0,0.0002279639,1.0,0.00021313947,1.0,0.00028866078,1.0,5.6261473e-05,1.0,0.0002130699,0.10745685,0.0035884108,0.0039606844,0.2388859678711952,0.106768675,0.0037637046,0.004038858,0.0011764949,0.0018041886,1.0,0.00046832778,1.0,0.00030935084,1.0,0.0007737602,1.0,0.0010308648,1.0,0.00016226439,0.987988,0.047056768,1.0,6.328385e-05,1.0,0.00084822025,0.15080392,0.0011724891,0.0017694803,0.3487593927182951,0.13661583,0.0015043792,0.0016302761
